skill_name,skill_attr,skill_power,skill_type,skill_consume,skill_desc,skill_icon
一拳,武,140,物攻,5,对敌方精灵造成物理伤害。,https://lokewangguoshijie.com/skills/一拳.png
三连破,普通,0,状态,1,自己获得物攻+30%，3连击。,https://lokewangguoshijie.com/skills/三连破.png
不动如山,地,0,防御,2,减伤90%，应对攻击。,https://lokewangguoshijie.com/skills/不动如山.png
不可接触,毒,0,防御,1,减伤50%，敌方每有1层中毒效果，本技能减伤+10%，应对攻击。,https://lokewangguoshijie.com/skills/不可接触.png
丢冰块,冰,80,物攻,3,造成物伤，敌方获得速度-30。,https://lokewangguoshijie.com/skills/丢冰块.png
丰饶,草,0,状态,3,自己获得物攻和魔攻+130%。,https://lokewangguoshijie.com/skills/丰饶.png
主场优势,普通,0,状态,3,自己获得1层攻击印记。,https://lokewangguoshijie.com/skills/主场优势.png
主轴,机械,75,物攻,2,造成物伤，此技能位置不会改变。,https://lokewangguoshijie.com/skills/主轴.png
乘胜追击,普通,40,物攻,2,造成物伤，1连击，每次使用后，本技能连击数永久+1。,https://lokewangguoshijie.com/skills/乘胜追击.png
乘风,翼,0,状态,2,自己获得速度+120。,https://lokewangguoshijie.com/skills/乘风.png
乱打,普通,25,魔攻,4,造成魔伤，5连击。,https://lokewangguoshijie.com/skills/乱打.png
二律背反,幻,0,状态,3,敌方获得3层星陨，应对防御：额外使敌方星陨层数翻倍。,https://lokewangguoshijie.com/skills/二律背反.png
交叉闪电,电,100,物攻,3,对敌方精灵造成物理伤害。,https://lokewangguoshijie.com/skills/交叉闪电.png
仙人掌刺击,草,150,物攻,6,对敌方精灵造成物理伤害。,https://lokewangguoshijie.com/skills/仙人掌刺击.png
以毒攻毒,毒,0,状态,1,敌方每有1层中毒效果，自己获得魔攻+30%。,https://lokewangguoshijie.com/skills/以毒攻毒.png
以重制重,普通,0,物攻,3,造成物伤，敌方体重越高，本次技能威力越高。,https://lokewangguoshijie.com/skills/以重制重.png
休息回复,普通,0,状态,2,自己回复30%生命。,https://lokewangguoshijie.com/skills/休息回复.png
传感器,机械,55,物攻,1,造成物伤，1连击。,https://lokewangguoshijie.com/skills/传感器.png
伪造账单,恶,0,状态,1,若敌方本回合回复生命，改为失去2倍。先手+1。,https://lokewangguoshijie.com/skills/伪造账单.png
伺机而动,普通,0,状态,1,下一次行动时，攻击技能威力+70。,https://lokewangguoshijie.com/skills/伺机而动.png
俯冲猛击,翼,140,物攻,5,对敌方精灵造成物理伤害。,https://lokewangguoshijie.com/skills/俯冲猛击.png
借用,普通,0,状态,0,每回合随机变成己方队伍中其他精灵的技能。,https://lokewangguoshijie.com/skills/借用.png
倾泻,普通,60,魔攻,3,造成魔伤，若本次攻击未被防御或技能应对，则驱散双方所有印记。,https://lokewangguoshijie.com/skills/倾泻.png
假寐,虫,0,状态,2,自己回复2能量，获得1次奉献：能耗-2。,https://lokewangguoshijie.com/skills/假寐.png
偷师,幻,30,物攻,0,造成物伤，自己回复1能量。,https://lokewangguoshijie.com/skills/偷师.png
偷袭,普通,85,物攻,3,造成物伤，应对状态：本次技能威力变为3倍。,https://lokewangguoshijie.com/skills/偷袭.png
充分燃烧,火,0,状态,3,使敌方身上的灼烧翻倍，并触发1次灼烧伤害。,https://lokewangguoshijie.com/skills/充分燃烧.png
先发制人,普通,55,物攻,2,造成物理伤害，先手+1。,https://lokewangguoshijie.com/skills/先发制人.png
光之矛,光,30,物攻,3,造成物伤，3连击。,https://lokewangguoshijie.com/skills/光之矛.png
光刃,光,120,物攻,4,对敌方精灵造成物理伤害。,https://lokewangguoshijie.com/skills/光刃.png
光合作用,草,0,状态,4,自己获得1层光合印记。,https://lokewangguoshijie.com/skills/光合作用.png
光球,光,80,魔攻,2,对敌方精灵造成魔法伤害。,https://lokewangguoshijie.com/skills/光球.png
光能聚集,草,100,魔攻,7,造成魔伤，每次使用其他草系技能后，本技能威力永久+60。,https://lokewangguoshijie.com/skills/光能聚集.png
冥想,幻,0,防御,3,减伤70%，应对攻击：敌方获得2层星陨。,https://lokewangguoshijie.com/skills/冥想.png
冬至,冰,0,状态,7,将天气改为暴风雪。本技能能耗降低，降低值等于敌方技能总能耗。,https://lokewangguoshijie.com/skills/冬至.png
冰冻光线,冰,100,魔攻,7,造成魔伤，敌方获得全技能能耗+2。,https://lokewangguoshijie.com/skills/冰冻光线.png
冰墙,冰,0,防御,2,减伤70%，应对攻击：敌方获得2层冻结。,https://lokewangguoshijie.com/skills/冰墙.png
冰天雪地,冰,0,防御,2,减伤70%，应对攻击：被应对技能能耗+3。,https://lokewangguoshijie.com/skills/冰天雪地.png
冰捆缚,冰,0,状态,3,2连击，每次连击敌方获得全技能能耗+1。,https://lokewangguoshijie.com/skills/冰捆缚.png
冰晶坠,冰,90,物攻,4,造成物伤，敌方获得全技能能耗+1。,https://lokewangguoshijie.com/skills/冰晶坠.png
冰点,冰,0,状态,2,敌方获得5层冻结，应对防御：额外获得5层。,https://lokewangguoshijie.com/skills/冰点.png
冰爪,冰,80,物攻,2,对敌方精灵造成物理伤害。,https://lokewangguoshijie.com/skills/冰爪.png
冰锋横扫,冰,0,魔攻,4,造成魔伤，本技能威力等于敌方精灵技能总能耗的10倍。,https://lokewangguoshijie.com/skills/冰锋横扫.png
冰锥,冰,40,物攻,0,对敌方精灵造成物理伤害。,https://lokewangguoshijie.com/skills/冰锥.png
冰雹,冰,100,物攻,4,造成物伤，应对状态：额外使敌方获得全技能能耗+3。,https://lokewangguoshijie.com/skills/冰雹.png
冲撞,普通,135,物攻,7,造成物伤，回合结束时，本技能能耗永久-1。,https://lokewangguoshijie.com/skills/冲撞.png
冷风,冰,60,魔攻,1,对敌方精灵造成魔法伤害。,https://lokewangguoshijie.com/skills/冷风.png
击鼓传花,萌,0,状态,3,自己脱离，下个入场精灵继承自己增益。,https://lokewangguoshijie.com/skills/击鼓传花.png
刺盾,地,0,防御,3,减伤70%，应对攻击：敌方获得物攻-50%。,https://lokewangguoshijie.com/skills/刺盾.png
刺藤,草,45,物攻,3,造成物伤，2连击。,https://lokewangguoshijie.com/skills/刺藤.png
剧毒,毒,0,状态,2,敌方获得3层中毒，应对防御：改为获得8层。,https://lokewangguoshijie.com/skills/剧毒.png
力量吞噬,恶,0,状态,4,敌方获得技能威力-20，自己获得技能威力+20。,https://lokewangguoshijie.com/skills/力量吞噬.png
力量增效,普通,0,状态,1,自己获得物攻+100%。,https://lokewangguoshijie.com/skills/力量增效.png
加固,普通,0,状态,2,自己获得物防+140%。,https://lokewangguoshijie.com/skills/加固.png
加大功率,电,0,状态,4,自己脱离，被替换入场的精灵回复8能量。,https://lokewangguoshijie.com/skills/加大功率.png
勾魂,幽,0,状态,1,偷取敌方3能量。,https://lokewangguoshijie.com/skills/勾魂.png
化劲,武,0,状态,2,获得全技能威力+40。,https://lokewangguoshijie.com/skills/化劲.png
升龙咆哮,龙,200,魔攻,3,蓄力，对敌方造成魔法伤害。,https://lokewangguoshijie.com/skills/升龙咆哮.png
午夜噪音,幽,20,魔攻,4,造成魔伤，5连击。,https://lokewangguoshijie.com/skills/午夜噪音.png
压扁,普通,155,物攻,5,对敌方精灵造成物理伤害。,https://lokewangguoshijie.com/skills/压扁.png
双响炮,火,25,物攻,1,造成物伤，2连击。,https://lokewangguoshijie.com/skills/双响炮.png
双星,幻,100,物攻,3,对敌方精灵造成物理伤害。,https://lokewangguoshijie.com/skills/双星.png
双联脉冲,电,50,魔攻,4,造成魔伤，迸发：本技能使用次数+1。,https://lokewangguoshijie.com/skills/双联脉冲.png
反击拳,武,25,物攻,2,造成物伤，2连击，若后手攻击，改为3连击。,https://lokewangguoshijie.com/skills/反击拳.png
反弹,萌,0,状态,5,将自己的萌化转移给敌方。,https://lokewangguoshijie.com/skills/反弹.png
取念,普通,0,状态,0,每回合随机变成敌方任意精灵的技能，且该技能能耗-2。,https://lokewangguoshijie.com/skills/取念.png
叠势,武,25,魔攻,3,造成魔伤，2连击，每成功应对1次，本技能连击数永久+2。,https://lokewangguoshijie.com/skills/叠势.png
叶绿光束,草,120,魔攻,4,对敌方精灵造成魔法伤害。,https://lokewangguoshijie.com/skills/叶绿光束.png
后发制人,普通,140,物攻,3,造成物理伤害，先手-1。,https://lokewangguoshijie.com/skills/后发制人.png
吓退,普通,0,防御,2,减伤60%，应对攻击：敌方脱离。,https://lokewangguoshijie.com/skills/吓退.png
吞噬,普通,150,物攻,6,造成物伤，若使用本技能击败敌方，回复6能量。,https://lokewangguoshijie.com/skills/吞噬.png
吨位压制,普通,0,物攻,3,造成物伤，敌方体重越低，威力越高。,https://lokewangguoshijie.com/skills/吨位压制.png
听桥,武,0,防御,4,减伤60%，应对攻击：对敌方造成伤害，威力与被应对技能相等。,https://lokewangguoshijie.com/skills/听桥.png
吹火,火,50,物攻,1,造成物伤，每次使用后，本技能威力永久+20。,https://lokewangguoshijie.com/skills/吹火.png
吹炎,龙,150,物攻,3,蓄力，造成物伤，应对状态：本次技能威力翻倍。,https://lokewangguoshijie.com/skills/吹炎.png
咆哮,普通,0,状态,1,敌方获得物攻-130%。,https://lokewangguoshijie.com/skills/咆哮.png
啃咬,虫,40,物攻,0,造成物伤，1连击，本技能会受奉献影响，每被影响1次，能耗永久+1。,https://lokewangguoshijie.com/skills/啃咬.png
啄击,翼,15,物攻,0,造成物伤，2连击。,https://lokewangguoshijie.com/skills/啄击.png
啮合传递,机械,0,状态,2,自己获得速度+100，本技能位于1号位时能耗-2，传动。,https://lokewangguoshijie.com/skills/啮合传递.png
嗜痛,普通,0,防御,2,减伤80%，应对攻击：期间自己每次受到伤害，获得双攻+40%。,https://lokewangguoshijie.com/skills/嗜痛.png
嘲弄,幽,0,状态,2,自己获得魔攻+70%，若敌方本回合替换精灵，自己获得速度+70。,https://lokewangguoshijie.com/skills/嘲弄.png
噬心,虫,60,物攻,1,对敌方精灵造成物理伤害。,https://lokewangguoshijie.com/skills/噬心.png
四维降解,幻,100,魔攻,7,造成魔伤，敌方每有1层印记，本技能能耗-1。,https://lokewangguoshijie.com/skills/四维降解.png
回旋风暴,翼,100,魔攻,3,对敌方精灵造成魔法伤害。,https://lokewangguoshijie.com/skills/回旋风暴.png
地刺,地,85,物攻,3,造成物伤，应对状态：额外打断被应对技能。,https://lokewangguoshijie.com/skills/地刺.png
地陷,地,70,物攻,5,造成物伤，自己获得物防+60%，应对状态：本次技能威力翻倍，且物防额外+60%。,https://lokewangguoshijie.com/skills/地陷.png
地震,地,190,物攻,10,对敌方精灵造成物理伤害。,https://lokewangguoshijie.com/skills/地震.png
坍缩,幻,85,魔攻,3,造成魔伤，若击败敌方，自己获得魔攻+50%。,https://lokewangguoshijie.com/skills/坍缩.png
坟场搏击,幽,180,物攻,4,造成物伤，敌方每有1能量，本次技能威力-10%。,https://lokewangguoshijie.com/skills/坟场搏击.png
垂死反击,普通,80,物攻,4,造成物伤，自己每失去5%生命，本次技能威力+5。,https://lokewangguoshijie.com/skills/垂死反击.png
埋伏,普通,30,魔攻,4,造成魔伤，3连击，若敌方本回合替换精灵，本次技能连击数+3。,https://lokewangguoshijie.com/skills/埋伏.png
增程电池,电,0,状态,2,自己获得1层蓄电印记。,https://lokewangguoshijie.com/skills/增程电池.png
壁垒,地,0,防御,2,减伤80%，应对攻击：防御技能冷却-1。,https://lokewangguoshijie.com/skills/壁垒.png
复写,普通,0,状态,0,每回合随机变成自己未携带的技能，且该技能能耗-2。,https://lokewangguoshijie.com/skills/复写.png
多维击打,幻,20,魔攻,3,造成魔伤，1连击，敌方每有1层星陨，本次技能连击数+1。,https://lokewangguoshijie.com/skills/多维击打.png
大爆炸,幻,100,魔攻,3,对敌方精灵造成魔法伤害。,https://lokewangguoshijie.com/skills/大爆炸.png
天光,光,95,魔攻,3,造成魔伤，本技能系别和天气系别相同。,https://lokewangguoshijie.com/skills/天光.png
天旋地转,普通,60,物攻,3,造成物理伤害，先手+1，迸发：本次技能威力+30。,https://lokewangguoshijie.com/skills/天旋地转.png
天洪,水,150,魔攻,7,造成魔伤，应对状态：本技能能耗永久-6。,https://lokewangguoshijie.com/skills/天洪.png
天火,火,0,状态,3,敌方获得10层灼烧，应对防御：改为获得30层。,https://lokewangguoshijie.com/skills/天火.png
孢子,草,0,状态,3,敌方获得1层寄生。,https://lokewangguoshijie.com/skills/孢子.png
孢子爆散,草,30,物攻,3,造成物伤，1连击，每次使用后，本技能连击数永久+2。,https://lokewangguoshijie.com/skills/孢子爆散.png
富养化,草,0,状态,3,为场下每个精灵回复3能量。,https://lokewangguoshijie.com/skills/富养化.png
寒风吹,冰,70,魔攻,3,造成魔伤，敌方获得魔防-40%。,https://lokewangguoshijie.com/skills/寒风吹.png
寸拳,武,30,物攻,0,造成物伤，自己回复1能量。,https://lokewangguoshijie.com/skills/寸拳.png
导电撞击,电,40,物攻,0,对敌方精灵造成物理伤害。,https://lokewangguoshijie.com/skills/导电撞击.png
尾后针,虫,80,物攻,2,对敌方精灵造成物理伤害。,https://lokewangguoshijie.com/skills/尾后针.png
山火,火,15,物攻,3,造成物伤，每使用1次其他火系技能，本技能威力永久翻倍。,https://lokewangguoshijie.com/skills/山火.png
岩土暴击,地,140,物攻,8,造成物伤，每被攻击1次。本技能能耗永久-1。,https://lokewangguoshijie.com/skills/岩土暴击.png
岩脉崩毁,地,120,物攻,4,造成物伤，本技能能耗固定为4。,https://lokewangguoshijie.com/skills/岩脉崩毁.png
崩拳,武,60,物攻,2,造成物伤，应对状态：自己获得物攻+100%。,https://lokewangguoshijie.com/skills/崩拳.png
幻象,幽,60,物攻,1,对敌方精灵造成物理伤害。,https://lokewangguoshijie.com/skills/幻象.png
幽灵爆发,幽,140,魔攻,5,对敌方精灵造成魔法伤害。,https://lokewangguoshijie.com/skills/幽灵爆发.png
应激反应,普通,0,状态,2,自己回复25%生命，应对防御：改为回复50%生命。,https://lokewangguoshijie.com/skills/应激反应.png
引燃,火,0,状态,2,敌方获得10层灼烧。,https://lokewangguoshijie.com/skills/引燃.png
引雷,电,35,魔攻,3,造成魔伤，2连击，迸发：本次技能威力+15。,https://lokewangguoshijie.com/skills/引雷.png
强制重启,电,80,魔攻,3,造成魔伤，应对状态：回合结束时使敌方精灵返场。,https://lokewangguoshijie.com/skills/强制重启.png
当头棒喝,普通,80,物攻,3,造成物伤，若敌方本回合替换精灵，本次技能威力+100。,https://lokewangguoshijie.com/skills/当头棒喝.png
彗星,普通,240,魔攻,0,造成魔伤，每失去5%生命，本次技能威力-10，使用后消耗全部生命。,https://lokewangguoshijie.com/skills/彗星.png
影袭,武,100,物攻,3,对敌方精灵造成物理伤害。,https://lokewangguoshijie.com/skills/影袭.png
彼岸之手,恶,150,物攻,10,造成物伤，自己每失去10%生命，本技能能耗-1。,https://lokewangguoshijie.com/skills/彼岸之手.png
徒长,草,0,状态,2,自己回复10能量。,https://lokewangguoshijie.com/skills/徒长.png
心灵洞悉,幻,0,状态,7,敌方获得星陨，获得层数等于敌方印记层数。,https://lokewangguoshijie.com/skills/心灵洞悉.png
快速移动,普通,0,状态,1,自己获得速度+80，应对防御：改为速度+160。,https://lokewangguoshijie.com/skills/快速移动.png
念力膨胀,幻,80,物攻,2,对敌方精灵造成物理伤害。,https://lokewangguoshijie.com/skills/念力膨胀.png
怒火,火,0,状态,1,自己获得双攻+130%和双防-40%。,https://lokewangguoshijie.com/skills/怒火.png
怨力打击,龙,1,魔攻,3,蓄力，造成蓄力期间受到攻击伤害的3倍。,https://lokewangguoshijie.com/skills/怨力打击.png
恐吓,幽,80,魔攻,2,对敌方精灵造成魔法伤害。,https://lokewangguoshijie.com/skills/恐吓.png
恶作剧,幽,0,状态,0,敌方失去3能量，应对防御：改为敌方失去6能量。,https://lokewangguoshijie.com/skills/恶作剧.png
恶念交换,恶,0,状态,4,与敌方交换生命比例。,https://lokewangguoshijie.com/skills/恶念交换.png
恶意逃离,恶,0,状态,1,脱离，应对防御：额外使敌方攻击技能能耗+6。,https://lokewangguoshijie.com/skills/恶意逃离.png
恶意逃���,恶,0,状态,,,https://lokewangguoshijie.com/skills/恶意逃离.png
恶能量,恶,60,物攻,1,对敌方精灵造成物理伤害。,https://lokewangguoshijie.com/skills/恶能量.png
恶��量,恶,60,物攻,,,https://lokewangguoshijie.com/skills/恶能量.png
惊吓盒子,幽,85,物攻,3,造成物伤，应对状态：使敌方失去6能量。,https://lokewangguoshijie.com/skills/惊吓盒子.png
感染病,毒,85,魔攻,4,造成魔伤，若击败敌方则将中毒转化为印记。,https://lokewangguoshijie.com/skills/感染病.png
感电,电,60,魔攻,2,造成魔伤，每离场1次，本技能使用次数永久+1。,https://lokewangguoshijie.com/skills/感电.png
截拳,武,85,物攻,3,造成物伤，应对状态：额外造成打断，回复该技能能耗的能量。,https://lokewangguoshijie.com/skills/截拳.png
扇风,翼,70,物攻,3,造成物伤，若先于敌方攻击，本次技能威力+50%。,https://lokewangguoshijie.com/skills/扇风.png
打湿,水,0,状态,4,自己获得1层湿润印记。,https://lokewangguoshijie.com/skills/打湿.png
打雪仗,冰,45,魔攻,3,造成魔伤，2连击。,https://lokewangguoshijie.com/skills/打雪仗.png
打鼾,普通,165,魔攻,6,对敌方精灵造成魔法伤害。,https://lokewangguoshijie.com/skills/打鼾.png
扫尾,普通,90,物攻,2,对敌方精灵造成物理伤害。,https://lokewangguoshijie.com/skills/扫尾.png
扬沙,地,60,物攻,1,对敌方精灵造成物理伤害。,https://lokewangguoshijie.com/skills/扬沙.png
技巧打击,武,25,物攻,2,造成物伤，应对状态：本次技能威力变为10倍。,https://lokewangguoshijie.com/skills/技巧打击.png
抓挠,普通,30,物攻,0,造成物伤，自己回复1能量。,https://lokewangguoshijie.com/skills/抓挠.png
折射,光,50,魔攻,4,造成魔伤，携带其他系别技能会给本技能带来不同效果。,https://lokewangguoshijie.com/skills/折射.png
折线冲击,光,80,物攻,2,对敌方精灵造成物理伤害。,https://lokewangguoshijie.com/skills/折线冲击.png
抛石,地,140,物攻,30,造成物伤，回合结束时，本技能能耗永久-5。,https://lokewangguoshijie.com/skills/抛石.png
报复,幽,0,防御,2,减伤60%，应对攻击：敌方失去3能量。,https://lokewangguoshijie.com/skills/报复.png
抽枝,草,85,物攻,4,造成物伤，应对状态：自己回复50%生命和5能量。,https://lokewangguoshijie.com/skills/抽枝.png
拆卸,机械,40,物攻,0,对敌方精灵造成物理伤害。,https://lokewangguoshijie.com/skills/拆卸.png
拍击,普通,60,魔攻,1,对敌方精灵造成魔法伤害。,https://lokewangguoshijie.com/skills/拍击.png
持续高温,火,85,魔攻,,,https://lokewangguoshijie.com/skills/持续高温.png
捆缚,虫,0,状态,2,敌方获得2层中毒，获得1次奉献：敌方获得2层中毒。,https://lokewangguoshijie.com/skills/捆缚.png
捧杀,萌,0,防御,4,减伤70%，应对攻击：敌方获得1层萌化。,https://lokewangguoshijie.com/skills/捧杀.png
掠夺,恶,60,魔攻,1,对敌方精灵造成魔法伤害。,https://lokewangguoshijie.com/skills/掠夺.png
掩护,虫,0,防御,2,减伤70%，紧急脱离，应对攻击：下个入场精灵获得减伤。,https://lokewangguoshijie.com/skills/掩护.png
提气,武,0,状态,,,https://lokewangguoshijie.com/skills/提气.png
摇篮曲,普通,0,状态,5,敌方获得全技能能耗+3，应对防御：额外造成打断，且敌方下回合获得眩晕。,https://lokewangguoshijie.com/skills/摇篮曲.png
撒娇,萌,30,魔攻,3,造成魔伤，3连击，获得萌化：威力永久+20。,https://lokewangguoshijie.com/skills/撒娇.png
撕咬,恶,30,物攻,3,造成物伤，3连击，若自己的生命低于50%，本次技能连击数+2。,https://lokewangguoshijie.com/skills/撕咬.png
撕裂,恶,85,物攻,3,造成物伤，应对状态：本次攻击吸血100%。,https://lokewangguoshijie.com/skills/撕裂.png
操控,普通,0,状态,1,敌方本回合使用的技能能耗+7，持续3回合。,https://lokewangguoshijie.com/skills/操控.png
放晴,光,0,状态,0,光系技能威力永久+40%，应对防御：改为永久+80%。,https://lokewangguoshijie.com/skills/放晴.png
散手,武,30,物攻,3,造成物伤，2连击，应对状态：本技能改为6连击。,https://lokewangguoshijie.com/skills/散手.png
斩断,武,70,物攻,2,造成物伤，应对状态：额外打断被应对技能。,https://lokewangguoshijie.com/skills/斩断.png
旋转突击,普通,30,物攻,3,造成物伤，3连击。,https://lokewangguoshijie.com/skills/旋转突击.png
无影脚,武,75,物攻,3,造成物伤，应对状态：本次技能威力变为2倍。,https://lokewangguoshijie.com/skills/无影脚.png
无畏之心,普通,0,防御,5,减伤100%，应对攻击：减免的伤害变为回复自己生命，且本技能能耗永久+2。,https://lokewangguoshijie.com/skills/无畏之心.png
易燃物质,火,30,魔攻,3,造成魔伤，2连击，每次连击使敌方获得2层灼烧。,https://lokewangguoshijie.com/skills/易燃物质.png
星云漩涡,幻,60,物攻,1,对敌方精灵造成物理伤害。,https://lokewangguoshijie.com/skills/星云漩涡.png
星星撞击,普通,80,魔攻,2,对敌方精灵造成魔法伤害。,https://lokewangguoshijie.com/skills/星星撞击.png
星轨裂变,幻,0,状态,1,敌方获得2层星陨。,https://lokewangguoshijie.com/skills/星轨裂变.png
星链,幻,0,状态,3,2连击，每次连击使敌方获得1层星陨。,https://lokewangguoshijie.com/skills/星链.png
晒太阳,普通,0,状态,1,驱散敌方所有增益。,https://lokewangguoshijie.com/skills/晒太阳.png
晒��阳,普通,0,状态,,,https://lokewangguoshijie.com/skills/晒太阳.png
暗突袭,恶,70,物攻,4,造成物伤，吸血50%，应对状态：本次技能威力翻倍。,https://lokewangguoshijie.com/skills/暗突袭.png
暗箱操作,恶,0,状态,1,自己获得双攻和双防-100%，应对防御：改为敌方-100%。,https://lokewangguoshijie.com/skills/暗箱操作.png
暴风眼,翼,0,状态,2,行动时连击数+100%。,https://lokewangguoshijie.com/skills/暴风眼.png
暴风雪,冰,85,物攻,3,造成物伤，敌方获得1层冻结。,https://lokewangguoshijie.com/skills/暴风雪.png
月光合奏,萌,30,物攻,3,造成物伤，2连击，自己每有1层萌化，本次技能连击数+100%。,https://lokewangguoshijie.com/skills/月光合奏.png
有效预防,普通,0,防御,2,减伤50%，应对攻击：下次行动获得先手+1。,https://lokewangguoshijie.com/skills/有效预防.png
杠杆置换,机械,0,状态,0,自己回复2能量，交换两侧技能位置。,https://lokewangguoshijie.com/skills/杠杆置换.png
极寒领域,冰,105,魔攻,6,造成魔伤，若敌方有冻结，本次技能威力+60，应对状态：使冻结翻倍。,https://lokewangguoshijie.com/skills/极寒领域.png
极限撕裂,恶,140,物攻,4,造成物伤，若生命高于50%，使用后自己获得双攻-50%。,https://lokewangguoshijie.com/skills/极限撕裂.png
架势,龙,0,状态,2,自己回复20%生命，下次技能无需蓄力。,https://lokewangguoshijie.com/skills/架势.png
根吸收,草,0,状态,2,自己回复15%生命和4能量。,https://lokewangguoshijie.com/skills/根吸收.png
栽赃,恶,150,魔攻,6,对敌方精灵造成魔法伤害。,https://lokewangguoshijie.com/skills/栽赃.png
械斗,机械,55,物攻,1,造成物伤，传动。,https://lokewangguoshijie.com/skills/械斗.png
棘刺,普通,0,状态,2,敌方获得1层棘刺印记。,https://lokewangguoshijie.com/skills/棘刺.png
棘突,草,100,魔攻,3,对敌方精灵造成魔法伤害。,https://lokewangguoshijie.com/skills/棘突.png
欺诈契约,恶,0,状态,3,与敌方交换增益和减益。,https://lokewangguoshijie.com/skills/欺诈契约.png
毒囊,毒,20,物攻,2,造成物伤，敌方获得2层中毒，应对状态：改为获得6层。,https://lokewangguoshijie.com/skills/毒囊.png
毒孢子,毒,0,状态,3,敌方获得5层中毒。,https://lokewangguoshijie.com/skills/毒孢子.png
毒沼,毒,80,物攻,2,对敌方精灵造成物理伤害。,https://lokewangguoshijie.com/skills/毒沼.png
毒泡泡,毒,40,魔攻,0,对敌方精灵造成魔法伤害。,https://lokewangguoshijie.com/skills/毒泡泡.png
毒液渗透,毒,120,魔攻,5,造成魔伤，敌方每有1层中毒效果，本技能能耗-1，敌方获得1层中毒。,https://lokewangguoshijie.com/skills/毒液渗透.png
毒针,毒,20,物攻,0,造成物伤，敌方获得1层中毒。,https://lokewangguoshijie.com/skills/毒针.png
毒雾,毒,0,状态,7,将敌方所有增益，转化成中毒。,https://lokewangguoshijie.com/skills/毒雾.png
气势一击,普通,80,物攻,3,造成物伤，若上回合应对成功，本次技能威力+180。,https://lokewangguoshijie.com/skills/气势一击.png
气沉丹田,武,0,状态,10,自己回复60%生命，获得物攻+130%，每次应对后本技能能耗-3，使用后能耗重置。,https://lokewangguoshijie.com/skills/气沉丹田.png
气泡,水,100,魔攻,3,对敌方精灵造成魔法伤害。,https://lokewangguoshijie.com/skills/气泡.png
气波,武,40,魔攻,0,对敌方精灵造成魔法伤害。,https://lokewangguoshijie.com/skills/气波.png
氧输送,草,0,状态,2,自己回复4能量，并获得魔攻+80%。,https://lokewangguoshijie.com/skills/氧输送.png
水光冲击,水,140,魔攻,5,对敌方精灵造成魔法伤害。,https://lokewangguoshijie.com/skills/水光冲击.png
水刃,水,115,物攻,4,造成物伤，应对状态：本技能能耗永久-4。,https://lokewangguoshijie.com/skills/水刃.png
水幕冲击,水,100,物攻,3,对敌方精灵造成物理伤害。,https://lokewangguoshijie.com/skills/水幕冲击.png
水幕���击,水,100,物攻,,,https://lokewangguoshijie.com/skills/水幕冲击.png
水弹,水,40,魔攻,0,对敌方精灵造成魔法伤害。,https://lokewangguoshijie.com/skills/水弹.png
水弹枪,水,80,魔攻,2,对敌方精灵造成魔法伤害。,https://lokewangguoshijie.com/skills/水弹枪.png
水泡盾,水,0,防御,2,减伤70%，应对攻击：自己获得魔攻+40%。,https://lokewangguoshijie.com/skills/水泡盾.png
水波术,水,90,魔攻,6,造成魔伤，回合结束时，本技能威力永久+20。,https://lokewangguoshijie.com/skills/水波术.png
水炮,水,110,魔攻,5,造成魔伤，每次使用后，本技能能耗永久-1。,https://lokewangguoshijie.com/skills/水炮.png
水环,水,0,防御,2,减伤70%，应对攻击：自己获得全技能能耗-2。,https://lokewangguoshijie.com/skills/水环.png
水花四溅,水,20,魔攻,3,造成魔伤，4连击。,https://lokewangguoshijie.com/skills/水花四溅.png
汲取,草,30,魔攻,1,造成魔伤，并吸血100%。,https://lokewangguoshijie.com/skills/汲取.png
沙涌,地,0,状态,7,将天气改为沙暴，每过1回合，本技能能耗永久-1。,https://lokewangguoshijie.com/skills/沙涌.png
泡沫,水,60,物攻,1,对敌方精灵造成物理伤害。,https://lokewangguoshijie.com/skills/泡沫.png
泡沫幻影,水,0,防御,2,减伤70%，应对攻击：自己脱离。,https://lokewangguoshijie.com/skills/泡沫幻影.png
泥巴喷射,地,60,魔攻,1,对敌方精灵造成魔法伤害。,https://lokewangguoshijie.com/skills/泥巴喷射.png
泥浆,地,40,魔攻,0,对敌方精灵造成魔法伤害。,https://lokewangguoshijie.com/skills/泥浆.png
泥浆铠甲,地,0,状态,2,自己获得物攻和物防+40%，应对防御：额外使自己的增益翻倍。,https://lokewangguoshijie.com/skills/泥浆铠甲.png
洗礼,水,0,状态,1,驱散自己的减益，并获得全技能能耗-1。,https://lokewangguoshijie.com/skills/洗礼.png
流星火雨,火,75,物攻,3,造成物伤，每次击败敌方，本技能威力永久+75。,https://lokewangguoshijie.com/skills/流星火雨.png
流沙,地,0,状态,1,敌方2回合无法更换精灵，应对防御：敌方获得双防-50%。,https://lokewangguoshijie.com/skills/流沙.png
流火,火,15,魔攻,1,造成魔伤，3连击。,https://lokewangguoshijie.com/skills/流火.png
消毒法,普通,115,魔攻,4,造成魔伤，驱散敌方5层增益。,https://lokewangguoshijie.com/skills/消毒法.png
涌泉,水,60,魔攻,6,造成魔伤，本技能能耗每-1，威力+10。,https://lokewangguoshijie.com/skills/涌泉.png
润泽,水,0,状态,7,自己获得魔攻+190%。,https://lokewangguoshijie.com/skills/润泽.png
淤泥表皮,地,0,防御,2,减伤80%，应对攻击：敌方获得连击数-2。,https://lokewangguoshijie.com/skills/淤泥表皮.png
淬火,火,0,防御,4,减伤70%，应对攻击：下次攻击技能威力翻倍。,https://lokewangguoshijie.com/skills/淬火.png
湮灭,普通,155,魔攻,5,对敌方精灵造成魔法伤害。,https://lokewangguoshijie.com/skills/湮灭.png
溃烂触碰,毒,60,物攻,1,对敌方精灵造成物理伤害。,https://lokewangguoshijie.com/skills/溃烂触碰.png
滚雪球,冰,55,物攻,3,造成物伤，敌方获得2层冻结，应对状态：额外获得2层，本次技能威力翻倍。,https://lokewangguoshijie.com/skills/猛烈撞击.png
漫反射,光,0,状态,1,每种系别中的至多1个技能，威力+35。,https://lokewangguoshijie.com/skills/漫反射.png
潮汐,水,0,防御,4,减伤60%，应对攻击：自己获得1层湿润印记。,https://lokewangguoshijie.com/skills/潮汐.png
潮涌,水,80,物攻,2,对敌方精灵造成物理伤害。,https://lokewangguoshijie.com/skills/潮涌.png
激怒,普通,0,状态,3,敌方除本回合使用的技能，其他技能能耗+3，持续3回合。,https://lokewangguoshijie.com/skills/激怒.png
激流,水,120,魔攻,4,对敌方精灵造成魔法伤害。,https://lokewangguoshijie.com/skills/激流.png
火云车,火,140,物攻,5,对敌方精灵造成物理伤害。,https://lokewangguoshijie.com/skills/火云车.png
火焰冲锋,火,60,物攻,1,对敌方精灵造成物理伤害。,https://lokewangguoshijie.com/skills/火焰冲锋.png
火焰切割,火,100,物攻,3,对敌方精灵造成物理伤害。,https://lokewangguoshijie.com/skills/火焰切割.png
火焰护盾,火,0,防御,2,减伤70%，应对攻击：敌方获得4层灼烧。,https://lokewangguoshijie.com/skills/火焰护盾.png
火焰箭,火,80,物攻,2,对敌方精灵造成物理伤害。,https://lokewangguoshijie.com/skills/火焰箭.png
火爪,火,60,魔攻,1,对敌方精灵造成魔法伤害。,https://lokewangguoshijie.com/skills/火爪.png
火苗,火,30,物攻,0,造成物伤，自己回复1能量。,https://lokewangguoshijie.com/skills/火苗.png
灵光,幽,25,魔攻,3,造成魔伤，3连击，若敌方本回合替换精灵，本次技能连击数翻倍。,https://lokewangguoshijie.com/skills/灵光.png
灵媒,幽,100,魔攻,3,对敌方精灵造成魔法伤害。,https://lokewangguoshijie.com/skills/灵媒.png
灵��,幽,100,魔攻,,,https://lokewangguoshijie.com/skills/灵媒.png
灼伤,火,120,物攻,4,对敌方精灵造成物理伤害。,https://lokewangguoshijie.com/skills/灼伤.png
灾厄,恶,150,物攻,1,对自己造成物伤，应对状态：改为对敌方造成物伤。,https://lokewangguoshijie.com/skills/灾厄.png
炎息,火,40,物攻,0,对敌方精灵造成物理伤害。,https://lokewangguoshijie.com/skills/炎息.png
炎打,火,100,魔攻,2,造成高额魔法伤害，自己获得物防-40%。,https://lokewangguoshijie.com/skills/炎打.png
炎枪,火,100,魔攻,3,对敌方精灵造成魔法伤害。,https://lokewangguoshijie.com/skills/炎枪.png
炙热波动,火,45,魔攻,3,造成魔伤，敌方获得4层灼烧，应对状态：本次技能威力和赋予灼烧翻倍。,https://lokewangguoshijie.com/skills/炙热波动.png
烈焰风暴,火,75,魔攻,4,造成魔伤，敌方获得6层灼烧。,https://lokewangguoshijie.com/skills/烈焰风暴.png
热气,火,40,魔攻,0,对敌方精灵造成魔法伤害。,https://lokewangguoshijie.com/skills/热气.png
热砂,地,80,魔攻,2,对敌方精灵造成魔法伤害。,https://lokewangguoshijie.com/skills/热砂.png
热身,火,0,状态,1,下一次攻击技能威力翻倍，应对防御：改为威力变为3倍。,https://lokewangguoshijie.com/skills/热身.png
热身运动,普通,0,状态,2,自己获得连击数+3。,https://lokewangguoshijie.com/skills/热身运动.png
焚毁,火,60,魔攻,2,造成魔伤，驱散敌方所有印记。,https://lokewangguoshijie.com/skills/焚毁.png
焚烧烙印,火,0,状态,3,驱散双方所有印记，每驱散1层，敌方获得5层灼烧。,https://lokewangguoshijie.com/skills/焚烧烙印.png
燃尽,火,155,魔攻,4,造成魔伤，敌方每失去5%生命，本次技能威力-5。,https://lokewangguoshijie.com/skills/燃尽.png
爆冲,武,50,物攻,3,造成物伤，应对状态：本次技能威力变为5倍。,https://lokewangguoshijie.com/skills/爆冲.png
爆米花爆破,萌,140,物攻,5,对敌方精灵造成物理伤害。,https://lokewangguoshijie.com/skills/爆米花爆破.png
爆裂飞弹,火,160,魔攻,7,对敌方精灵造成魔法伤害。,https://lokewangguoshijie.com/skills/爆裂飞弹.png
牵连,恶,85,魔攻,4,造成魔伤，敌方每有1只力竭精灵，本次技能威力+30。,https://lokewangguoshijie.com/skills/牵连.png
猛烈撞击,普通,60,物攻,1,对敌方精灵造成物理伤害。,https://lokewangguoshijie.com/skills/猛烈撞击.png
球状闪电,电,60,物攻,1,对敌方精灵造成物理伤害。,https://lokewangguoshijie.com/skills/球状闪电.png
甜心续航,萌,0,状态,3,自己和敌方获得萌化：回复40%生命和4能量。,https://lokewangguoshijie.com/skills/甜心续航.png
甜���续航,萌,0,状态,,,https://lokewangguoshijie.com/skills/甜心续航.png
生日蛋糕,萌,0,状态,2,自己获得萌化：全技能能耗永久-4。,https://lokewangguoshijie.com/skills/生日蛋糕.png
甩水,水,30,魔攻,0,造成魔伤，自己回复1能量。,https://lokewangguoshijie.com/skills/甩水.png
电弧,电,80,物攻,3,造成物伤，迸发：本次技能威力+40。,https://lokewangguoshijie.com/skills/电弧.png
电流,电,40,魔攻,0,对敌方精灵造成魔法伤害。,https://lokewangguoshijie.com/skills/电流.png
电磁偏转,电,0,防御,3,减伤60%，应对攻击：下回合所选技能使用次数+1。,https://lokewangguoshijie.com/skills/电磁偏转.png
电离爆破,电,0,状态,3,敌方获得速度-40，3连击。,https://lokewangguoshijie.com/skills/电离爆破.png
电��,电,80,物攻,,,https://lokewangguoshijie.com/skills/电弧.png
疫病吐息,毒,0,状态,3,敌方获得1层中毒印记。,https://lokewangguoshijie.com/skills/疫病吐息.png
疾风刺,翼,25,物攻,2,造成物伤，1连击，若先于敌方攻击，本次攻击改为3连击。,https://lokewangguoshijie.com/skills/疾风刺.png
疾风连袭,翼,0,状态,0,释放自己释放过的迅捷技能，其能耗之和的二分之一加至本技能能耗，每次使用后能耗+1,https://lokewangguoshijie.com/skills/疾风连袭.png
瘴气喷射,毒,100,魔攻,3,对敌方精灵造成魔法伤害。,https://lokewangguoshijie.com/skills/瘴气喷射.png
盐水浴,水,0,状态,1,自己获得全技能能耗-2，应对防御：改为技能能耗-3。,https://lokewangguoshijie.com/skills/盐水浴.png
盛开,草,0,状态,1,自己获得技能威力+30，应对防御：改为威力+70。,https://lokewangguoshijie.com/skills/盛开.png
瞬间零度,冰,0,状态,0,本回合敌方使用的技能能耗+3，应对防御：改为全技能能耗+3。,https://lokewangguoshijie.com/skills/瞬间零度.png
石肤术,地,0,状态,3,自己获得物防+160%和魔防-60%。,https://lokewangguoshijie.com/skills/石肤术.png
石锁,地,50,物攻,3,造成物伤，敌方2回合无法更换精灵。,https://lokewangguoshijie.com/skills/石锁.png
砂糖弹球,萌,0,物攻,2,造成物伤，双方体重差越大，本次技能威力越高。,https://lokewangguoshijie.com/skills/砂糖弹球.png
破绽,武,0,状态,1,敌方获得双防-50%，应对防御：自己额外获得物攻+50%。,https://lokewangguoshijie.com/skills/破绽.png
破罐破摔,萌,80,魔攻,3,造成魔伤，自己有增益时，本次技能威力+60。,https://lokewangguoshijie.com/skills/破罐破摔.png
破防,武,0,状态,3,敌方获得双防-130%，应对防御：额外使被应对技能冷却2回合。,https://lokewangguoshijie.com/skills/破防.png
硬化,地,0,防御,2,减伤80%，若上次使用攻击技则本技能能耗-2，应对攻击。,https://lokewangguoshijie.com/skills/硬化.png
硬门,武,0,防御,2,应对攻击：打断被应对技能，并造成75威力物伤。,https://lokewangguoshijie.com/skills/硬门.png
碎冰冰,冰,40,魔攻,3,造成魔伤，敌方每有1层冻结，本次技能威力+20。,https://lokewangguoshijie.com/skills/碎冰冰.png
碰爪,萌,60,物攻,1,对敌方精灵造成物理伤害。,https://lokewangguoshijie.com/skills/碰爪.png
磁干扰,电,60,魔攻,1,对敌方精灵造成魔法伤害。,https://lokewangguoshijie.com/skills/磁干扰.png
磁暴,机械,95,魔攻,3,造成魔伤，传动。,https://lokewangguoshijie.com/skills/磁暴.png
示弱,萌,0,状态,1,自己获得萌化：速度永久+150。,https://lokewangguoshijie.com/skills/示弱.png
离子火花,电,80,物攻,2,对敌方精灵造成物理伤害。,https://lokewangguoshijie.com/skills/离子火花.png
离子震荡,机械,55,魔攻,1,造成魔伤，传动。,https://lokewangguoshijie.com/skills/离子震荡.png
种子弹,草,30,物攻,0,造成物伤，自己回复1能量。,https://lokewangguoshijie.com/skills/种子弹.png
种皮爆裂,草,25,物攻,1,造成物伤，2连击。,https://lokewangguoshijie.com/skills/种皮爆裂.png
移花接木,草,0,状态,2,自己回复15%生命，随后脱离。,https://lokewangguoshijie.com/skills/移花接木.png
移���接木,草,0,状态,,,https://lokewangguoshijie.com/skills/移花接木.png
空间压迫,幻,70,物攻,3,造成物伤，敌方获得1层星陨。,https://lokewangguoshijie.com/skills/空间压迫.png
穿膛,普通,65,物攻,2,造成物伤，若敌方能量小于等于2，造成5倍伤害。,https://lokewangguoshijie.com/skills/穿膛.png
突袭,普通,50,魔攻,2,造成魔伤，应对状态：本次技能威力变为3倍。,https://lokewangguoshijie.com/skills/突袭.png
等价交换,恶,0,防御,3,减伤70%，应对攻击：自己获得50%吸血。,https://lokewangguoshijie.com/skills/等价交换.png
筛管奔流,草,80,物攻,3,造成物伤，自己生命大于80%时，本次技能威力+75。,https://lokewangguoshijie.com/skills/筛管奔流.png
粒子对撞,幻,40,物攻,0,对敌方精灵造成物理伤害。,https://lokewangguoshijie.com/skills/粒子对撞.png
精神扰乱,普通,0,状态,0,敌方获得全技能能耗+1，应对防御：改为能耗+3。,https://lokewangguoshijie.com/skills/精神扰乱.png
纤维化,草,0,防御,2,减伤70%，应对攻击：自己获得物防+40%。,https://lokewangguoshijie.com/skills/纤维化.png
绵里藏针,龙,50,魔攻,2,造成魔伤，若敌方上回合没受到技能伤害，本技能威力永久+30。,https://lokewangguoshijie.com/skills/绵里藏针.png
缠丝劲,武,25,物攻,1,造成物伤，2连击。,https://lokewangguoshijie.com/skills/缠丝劲.png
网缚,虫,60,物攻,2,造成物伤，敌方获得物防-30%,https://lokewangguoshijie.com/skills/网缚.png
羽刃,翼,70,物攻,2,造成物伤，应对状态：回合结束使敌方紧急脱离。,https://lokewangguoshijie.com/skills/羽刃.png
羽化加速,翼,0,状态,2,自己获得技能威力+20，迅捷。,https://lokewangguoshijie.com/skills/羽化加速.png
羽化加���,翼,0,状态,,,https://lokewangguoshijie.com/skills/羽化加速.png
羽翼庇护,翼,0,防御,3,减伤70%，应对攻击：自己获得连击数+3。,https://lokewangguoshijie.com/skills/羽翼庇护.png
翅刃,虫,90,物攻,4,造成物伤，驱散敌方所有印记，应对状态：改为偷取印记。,https://lokewangguoshijie.com/skills/翅刃.png
翼击,翼,50,魔攻,3,造成魔伤，迅捷。,https://lokewangguoshijie.com/skills/翼击.png
耀眼,普通,0,状态,1,敌方获得连击数-4。,https://lokewangguoshijie.com/skills/耀眼.png
聒噪,普通,0,状态,3,敌方获得全攻击技能能耗+3，持续3回合。,https://lokewangguoshijie.com/skills/聒噪.png
联动装置,机械,0,状态,0,所有技能传动，应对防御：额外交换两侧技能能耗。,https://lokewangguoshijie.com/skills/联动装置.png
聚盐,草,0,状态,3,2连击，每次连击自己回复5%生命和1能量，使用后本技能连击数永久+1。,https://lokewangguoshijie.com/skills/聚盐.png
肥皂泡,水,60,魔攻,1,对敌方精灵造成魔法伤害。,https://lokewangguoshijie.com/skills/肥皂泡.png
背袭,幽,40,魔攻,2,造成魔伤，若敌方能量等于0，造成20倍伤害。,https://lokewangguoshijie.com/skills/背袭.png
能量刃,普通,70,物攻,3,造成物伤，每应对成功1次，本技能威力永久+90。,https://lokewangguoshijie.com/skills/能量刃.png
能量守恒,机械,0,防御,2,减伤80%，应对攻击：所有技能传动。,https://lokewangguoshijie.com/skills/能量守恒.png
能量炮,普通,50,魔攻,3,造成魔伤，2连击。,https://lokewangguoshijie.com/skills/能量炮.png
脉冲光线,光,40,魔攻,0,对敌方精灵造成魔法伤害。,https://lokewangguoshijie.com/skills/脉冲光线.png
腐化,毒,0,状态,1,敌方每有1层中毒效果，敌方获得双攻-30%。,https://lokewangguoshijie.com/skills/腐化.png
腐蚀酸液,毒,35,魔攻,2,造成魔伤，敌方获得2层中毒。,https://lokewangguoshijie.com/skills/腐蚀酸液.png
花炮,草,0,状态,2,2连击，每次连击自己获得魔攻+50%。,https://lokewangguoshijie.com/skills/花炮.png
花香,草,60,魔攻,1,对敌方精灵造成魔法伤害。,https://lokewangguoshijie.com/skills/花香.png
芳香诱引,草,0,状态,1,自己获得连击数+2，应对防御：额外造成打断，并眩晕敌方1回合。,https://lokewangguoshijie.com/skills/芳香诱引.png
荆棘爪,草,80,物攻,2,对敌方精灵造成物理伤害。,https://lokewangguoshijie.com/skills/荆棘爪.png
落井下毒,毒,0,状态,6,使敌方精灵减益的层数翻倍。,https://lokewangguoshijie.com/skills/落井下毒.png
落星,普通,40,物攻,0,对敌方精灵造成物理伤害。,https://lokewangguoshijie.com/skills/落星.png
落石,地,55,物攻,1,造成物伤，1连击。,https://lokewangguoshijie.com/skills/落石.png
落雨,水,0,状态,8,将天气改为雨天。本技能受能耗降低效果的影响翻倍。,https://lokewangguoshijie.com/skills/落雨.png
落雷,电,100,魔攻,4,造成魔伤，每次入场，本技能威力永久+20。,https://lokewangguoshijie.com/skills/落雷.png
蓄势待发,地,0,状态,4,自己获得1层&lt;desc_id=1030&gt;蓄势印记。,https://lokewangguoshijie.com/skills/蓄势待发.png
蓄水,水,0,状态,1,下次使用的技能能耗-6。,https://lokewangguoshijie.com/skills/蓄水.png
蓄能轰击,普通,130,魔攻,6,造成魔伤，每使用1次普通系技能，本技能能耗永久-2。,https://lokewangguoshijie.com/skills/蓄能轰击.png
藤绞,草,80,物攻,4,造成物伤，自己回复5能量。,https://lokewangguoshijie.com/skills/藤绞.png
虚假破产,恶,0,防御,2,减伤80%，能量不足时，消耗5%生命代替1能量，应对攻击。,https://lokewangguoshijie.com/skills/虚假破产.png
虚化,幽,0,防御,2,减伤70%，应对攻击：自己获得魔防+40%。,https://lokewangguoshijie.com/skills/虚化.png
虫击,虫,90,物攻,3,造成物伤，应对状态：本次技能威力变为2倍，无视敌方系别抵抗。,https://lokewangguoshijie.com/skills/虫击.png
虫刺,虫,15,魔攻,1,造成魔伤，3连击。,https://lokewangguoshijie.com/skills/虫刺.png
虫结阵,虫,0,防御,2,减伤60%，应对攻击：获得1次随机奉献。,https://lokewangguoshijie.com/skills/虫结阵.png
虫网,虫,30,魔攻,0,造成魔伤，自己回复1能量。,https://lokewangguoshijie.com/skills/虫网.png
虫群,虫,20,物攻,7,造成物伤，1连击，本技能会受奉献影响。,https://lokewangguoshijie.com/skills/虫群.png
虫群智慧,虫,0,状态,3,获得2次随机奉献。,https://lokewangguoshijie.com/skills/虫群智慧.png
虫群过境,虫,45,物攻,5,造成物伤，2连击。获得1次奉献：获得连击数+1。,https://lokewangguoshijie.com/skills/虫群过境.png
虫茧,虫,0,状态,1,自己回复20%生命，获得1次奉献：获得10%吸血。,https://lokewangguoshijie.com/skills/虫茧.png
虫蛊,虫,100,魔攻,3,对敌方精灵造成魔法伤害。,https://lokewangguoshijie.com/skills/虫蛊.png
虫鸣,虫,15,魔攻,2,造成魔伤，队伍中每有1只带有本技能的精灵，本次技能连击数+1。,https://lokewangguoshijie.com/skills/虫鸣.png
虹光冲击,光,100,魔攻,3,对敌方精灵造成魔法伤害。,https://lokewangguoshijie.com/skills/虹光冲击.png
虹��冲击,光,100,魔攻,,,https://lokewangguoshijie.com/skills/虹光冲击.png
蛰针,虫,40,物攻,0,对敌方精灵造成物理伤害。,https://lokewangguoshijie.com/skills/蛰针.png
蜡质膜,草,0,防御,2,减伤70%，应对攻击：回复3能量。,https://lokewangguoshijie.com/skills/蜡质膜.png
蜡质���,草,0,防御,,,https://lokewangguoshijie.com/skills/蜡质膜.png
蝙蝠,恶,60,物攻,2,造成物伤，并吸血100%。,https://lokewangguoshijie.com/skills/蝙蝠.png
血气,普通,0,防御,2,减伤60%，应对攻击：本回合受到致命伤害时，保留1生命值。,https://lokewangguoshijie.com/skills/血气.png
裂石,地,85,物攻,3,造成物伤，应对状态：敌方获得物防-80%。,https://lokewangguoshijie.com/skills/裂石.png
见招拆招,普通,65,物攻,2,造成物伤，若上回合使用状态技能，本次技能威力+55。,https://lokewangguoshijie.com/skills/见招拆招.png
角击,龙,80,魔攻,2,对敌方精灵造成魔法伤害。,https://lokewangguoshijie.com/skills/角击.png
触底强击,普通,65,魔攻,3,造成魔伤，使用后若能量耗尽，本次技能威力+110。,https://lokewangguoshijie.com/skills/触底强击.png
触电,电,80,魔攻,2,对敌方精灵造成魔法伤害。,https://lokewangguoshijie.com/skills/触电.png
许愿星,普通,110,魔攻,3,对敌方精灵造成魔法伤害。,https://lokewangguoshijie.com/skills/许愿星.png
诋毁,恶,80,物攻,2,对敌方精灵造成物理伤害。,https://lokewangguoshijie.com/skills/诋毁.png
诡刺,幽,40,物攻,0,对敌方精灵造成物理伤害。,https://lokewangguoshijie.com/skills/诡刺.png
贪婪,恶,0,状态,2,获得100%吸血。,https://lokewangguoshijie.com/skills/贪婪.png
贮藏,虫,0,状态,2,自己获得双攻+50%，每携带1个0能耗技能，额外+50%。,https://lokewangguoshijie.com/skills/贮藏.png
贯手,武,80,魔攻,2,对敌方精灵造成魔法伤害。,https://lokewangguoshijie.com/skills/贯手.png
赤子之心,萌,0,状态,6,场下每个精灵获得萌化，之后回复40%生命和4能量。,https://lokewangguoshijie.com/skills/赤子之心.png
趁火打劫,恶,35,物攻,3,造成物伤，2连击，若击败敌方，本技能连击数永久+2。,https://lokewangguoshijie.com/skills/趁火打劫.png
超导,电,95,魔攻,3,造成魔伤，迸发：本技能能耗-1。,https://lokewangguoshijie.com/skills/超导.png
超导加速,电,60,魔攻,2,造成魔伤，自己获得速度+30。,https://lokewangguoshijie.com/skills/超导加速.png
超新星馈赠,幻,0,状态,2,敌方获得2层星陨，每使用1次，赋予的星陨层数+1。,https://lokewangguoshijie.com/skills/超新星馈赠.png
超级糖果,萌,100,物攻,3,造成物伤，自己获得萌化：本次技能威力+60。,https://lokewangguoshijie.com/skills/超级糖果.png
超维投射,幻,0,状态,4,敌方获得4层星陨。,https://lokewangguoshijie.com/skills/超维投射.png
跌落,恶,120,物攻,3,造成大量物伤，自己获得物攻-50%，应对状态：改为获得物攻+50%。,https://lokewangguoshijie.com/skills/跌落.png
践踏,普通,120,物攻,4,对敌方精灵造成物理伤害。,https://lokewangguoshijie.com/skills/践踏.png
跺地,地,80,物攻,2,对敌方精灵造成物理伤害。,https://lokewangguoshijie.com/skills/跺地.png
轴承支撑,机械,0,状态,3,主动：本技能被动额外-1能耗，被动：两侧技能能耗-1，传动。,https://lokewangguoshijie.com/skills/轴承支撑.png
过曝,光,60,魔攻,3,造成魔伤，每使用过1个其他系别技能，本技能威力永久+30。,https://lokewangguoshijie.com/skills/过曝.png
过载回路,电,0,状态,1,自己返场，下回合所选技能使用次数+1。,https://lokewangguoshijie.com/skills/过载回路.png
远程访问,电,0,状态,2,使敌方精灵返场。,https://lokewangguoshijie.com/skills/远程访问.png
连续毒针,毒,15,物攻,2,造成物伤，2连击，每次连击使敌方获得1层中毒。,https://lokewangguoshijie.com/skills/连续毒针.png
连续爪击,普通,30,物攻,2,造成物伤，2连击，应对状态：本次技能连击数翻倍。,https://lokewangguoshijie.com/skills/连续爪击.png
迫害,恶,40,物攻,0,对敌方精灵造成物理伤害。,https://lokewangguoshijie.com/skills/迫害.png
迫近攻击,普通,90,物攻,3,造成物伤。每次使用后，本技能威力永久+45。,https://lokewangguoshijie.com/skills/迫近攻击.png
追打,普通,75,魔攻,3,造成魔伤，1连击，应对状态：本技能变为3连击。,https://lokewangguoshijie.com/skills/追打.png
退化,普通,0,状态,2,敌方获得1层萌化。,https://lokewangguoshijie.com/skills/退化.png
逆袭,普通,100,物攻,3,造成物伤，本技能能耗每+1，威力+45。,https://lokewangguoshijie.com/skills/逆袭.png
透射,光,60,物攻,1,对敌方精灵造成物理伤害。,https://lokewangguoshijie.com/skills/透射.png
速冻,冰,0,状态,4,敌方获得2层减速印记。,https://lokewangguoshijie.com/skills/速冻.png
遁地,地,0,防御,3,减伤50%并脱离，应对攻击。,https://lokewangguoshijie.com/skills/遁地.png
酶浓度调整,草,0,防御,3,减伤70%，应对攻击：自己回复20%生命。,https://lokewangguoshijie.com/skills/酶浓度调整.png
重击,普通,110,物攻,2,造成物伤，每次使用后，本技能能耗永久+1。,https://lokewangguoshijie.com/skills/重击.png
金属噪音,机械,80,魔攻,2,对敌方精灵造成魔法伤害。,https://lokewangguoshijie.com/skills/金属噪音.png
针状物,幻,30,魔攻,3,造成魔伤，3连击。,https://lokewangguoshijie.com/skills/针状物.png
钢钻,机械,0,物攻,4,造成物伤，技能威力为两侧技能威力和的三分之一，传动。,https://lokewangguoshijie.com/skills/钢钻.png
钢铁洪流,机械,80,物攻,3,造成物伤，本技能位于4号位时威力+80，传动。,https://lokewangguoshijie.com/skills/钢铁洪流.png
钧势,地,0,状态,3,自己获得物防+140%和速度-30。,https://lokewangguoshijie.com/skills/钧势.png
锐利眼神,普通,0,状态,,,https://lokewangguoshijie.com/skills/锐利眼神.png
错乱,幻,60,魔攻,2,造成魔伤，应对状态：敌方获得3层星陨。,https://lokewangguoshijie.com/skills/错乱.png
镜像反射,光,0,防御,2,减伤80％，应对攻击：本技能变为被应对的技能。,https://lokewangguoshijie.com/skills/镜像反射.png
闪光,光,60,魔攻,1,对敌方精灵造成魔法伤害。,https://lokewangguoshijie.com/skills/闪光.png
闪光冲击,光,100,物攻,3,对敌方精灵造成物理伤害。,https://lokewangguoshijie.com/skills/闪光冲击.png
闪击,翼,60,物攻,4,造成物伤，速度比敌方越高，本次技能威力越高。,https://lokewangguoshijie.com/skills/闪击.png
闪击折返,电,45,物攻,5,造成物伤，2连击，自己脱离。,https://lokewangguoshijie.com/skills/闪击折返.png
闪燃,火,35,物攻,1,造成物伤，应对状态：本次技能威力变为4倍。,https://lokewangguoshijie.com/skills/闪燃.png
防反,普通,0,防御,2,减伤60%，应对攻击：自己获得物攻和魔攻+40%。,https://lokewangguoshijie.com/skills/防反.png
防御,普通,0,防御,1,减伤70%，应对攻击。,https://lokewangguoshijie.com/skills/防御.png
防御反击,武,0,防御,3,减伤70%，应对攻击：获得全技能威力+20。,https://lokewangguoshijie.com/skills/防御反击.png
阳火增辉,火,75,魔攻,3,造成魔伤，每次击败敌方，本技能威力永久翻倍。,https://lokewangguoshijie.com/skills/阳火增辉.png
阻断,普通,80,魔攻,2,造成魔伤，应对状态：额外打断被应对技能。,https://lokewangguoshijie.com/skills/阻断.png
降灵,幽,0,状态,2,敌方获得1层降灵印记。,https://lokewangguoshijie.com/skills/降灵.png
除厄,火,60,魔攻,2,造成魔伤，驱散自己的增益。,https://lokewangguoshijie.com/skills/除厄.png
陨石,地,100,魔攻,3,对敌方精灵造成魔法伤害。,https://lokewangguoshijie.com/skills/陨石.png
隐藏条款,恶,0,状态,8,与敌方交换携带的技能。,https://lokewangguoshijie.com/skills/隐藏条款.png
隼鳞,龙,140,物攻,5,对敌方精灵造成物理伤害。,https://lokewangguoshijie.com/skills/隼鳞.png
集中,电,0,防御,2,减伤70%，应对攻击：自己回合结束返场。,https://lokewangguoshijie.com/skills/集中.png
雪替身,冰,0,防御,2,减伤70%，应对攻击：回复能量，回复值等于被应对技能能耗的2倍。,https://lokewangguoshijie.com/skills/雪替身.png
雪球,冰,0,状态,1,敌方获得速度-90。,https://lokewangguoshijie.com/skills/雪球.png
雷暴,电,80,魔攻,5,造成魔伤，迸发：本技能获得所有生效过的迸发效果。,https://lokewangguoshijie.com/skills/雷暴.png
雾气环绕,冰,0,状态,1,回复能量，回复值等于敌方技能总能耗的一半。,https://lokewangguoshijie.com/skills/雾气环绕.png
震击,地,80,物攻,3,造成伤害，敌方获得连击数-3。,https://lokewangguoshijie.com/skills/震击.png
霜冻,冰,0,状态,1,敌方获得魔防-100%。,https://lokewangguoshijie.com/skills/霜冻.png
霜天,冰,0,状态,,,https://lokewangguoshijie.com/skills/霜天.png
霜降,冰,0,状态,1,敌方获得4层冻结。,https://lokewangguoshijie.com/skills/霜降.png
鞭打,萌,40,物攻,0,对敌方精灵造成物理伤害。,https://lokewangguoshijie.com/skills/鞭打.png
音波弹,普通,25,魔攻,1,造成魔伤，1连击。,https://lokewangguoshijie.com/skills/音波弹.png
音爆,普通,130,魔攻,4,对敌方精灵造成魔法伤害。,https://lokewangguoshijie.com/skills/音爆.png
顶端优势,草,100,物攻,3,对敌方精灵造成物理伤害。,https://lokewangguoshijie.com/skills/顶端优势.png
预备势,武,0,状态,1,自己获得物攻+80%，应对防御：额外使敌方获得物防-80%。,https://lokewangguoshijie.com/skills/预备势.png
风吹雪,冰,30,魔攻,0,造成魔伤，自己回复1能量。,https://lokewangguoshijie.com/skills/风吹雪.png
风墙,翼,0,防御,2,减伤50%，迅捷，应对攻击。,https://lokewangguoshijie.com/skills/风墙.png
风矢,翼,80,物攻,2,对敌方精灵造成物理伤害。,https://lokewangguoshijie.com/skills/风矢.png
风起,翼,0,状态,4,自己获得1层风起印记。,https://lokewangguoshijie.com/skills/风起.png
风隐,翼,0,状态,2,敌方和自己均脱离。先手-1。,https://lokewangguoshijie.com/skills/风隐.png
飞叶,草,40,物攻,0,对敌方精灵造成物理伤害。,https://lokewangguoshijie.com/skills/飞叶.png
飞吻,萌,80,魔攻,2,对敌方精灵造成魔法伤害。,https://lokewangguoshijie.com/skills/飞吻.png
飞断,虫,20,物攻,1,造成物伤，获得1次奉献：威力+20。,https://lokewangguoshijie.com/skills/飞断.png
飞羽,翼,0,状态,0,迅捷，驱散敌方1种增益。,https://lokewangguoshijie.com/skills/飞羽.png
飞踢,普通,110,物攻,3,对敌方精灵造成物理伤害。,https://lokewangguoshijie.com/skills/飞踢.png
食腐,虫,0,状态,2,驱散敌方印记，每层印记回复自己10%生命。,https://lokewangguoshijie.com/skills/食腐.png
高温回火,火,40,魔攻,2,造成魔伤，自己脱离。,https://lokewangguoshijie.com/skills/高温回火.png
鬼火,幽,30,魔攻,0,造成魔伤，自己回复1能量。,https://lokewangguoshijie.com/skills/鬼火.png
魅惑,萌,60,魔攻,1,对敌方精灵造成魔法伤害。,https://lokewangguoshijie.com/skills/魅惑.png
魔法增效,普通,0,状态,0,自己获得魔攻+70%。,https://lokewangguoshijie.com/skills/魔法增效.png
魔爪,恶,30,物攻,0,造成物伤，自己回复1能量。,https://lokewangguoshijie.com/skills/魔爪.png
魔能爆,普通,1,魔攻,0,造成魔伤，使用时消耗所有能量，消耗越高，伤害越高。,https://lokewangguoshijie.com/skills/魔能爆.png
鸣叫,翼,40,魔攻,0,对敌方精灵造成魔法伤害。,https://lokewangguoshijie.com/skills/鸣叫.png
鸣沙陷阱,地,60,物攻,4,造成物伤，物防比敌方越高，本次技能威力越高。,https://lokewangguoshijie.com/skills/鸣沙陷阱.png
鸩毒,毒,75,魔攻,3,造成魔伤，敌方每有1层中毒效果，本次技能威力+10，应对状态：改为本次威力+20。,https://lokewangguoshijie.com/skills/鸩毒.png
鹰爪,翼,60,物攻,1,对敌方精灵造成物理伤害。,https://lokewangguoshijie.com/skills/鹰爪.png
麻痹,电,0,状态,2,敌方先手-1，应对防御：额外使敌方获得攻击-70%。,https://lokewangguoshijie.com/skills/麻痹.png
黑手,恶,45,魔攻,3,造成魔伤，2连击。,https://lokewangguoshijie.com/skills/黑手.png
鼓劲,普通,0,状态,3,自己获得魔防+170%。,https://lokewangguoshijie.com/skills/鼓劲.png
齿轮切开,机械,145,物攻,6,造成物伤，传动。,https://lokewangguoshijie.com/skills/齿轮切开.png
齿轮扭矩,机械,60,物攻,3,造成物伤，每变化1次位置，本技能威力永久+20。,https://lokewangguoshijie.com/skills/齿轮扭矩.png
龙之利爪,龙,130,物攻,3,蓄力，造成物伤并吸血50%。,https://lokewangguoshijie.com/skills/龙之利爪.png
龙卷风,翼,60,物攻,5,造成物伤，迅捷，应对状态：本次技能威力变为1.5倍。,https://lokewangguoshijie.com/skills/龙卷风.png
龙吟,龙,0,状态,3,蓄力，自己获得双攻+100%和速度+60。,https://lokewangguoshijie.com/skills/龙吟.png
龙吼,龙,60,物攻,1,对敌方精灵造成物理伤害。,https://lokewangguoshijie.com/skills/龙吼.png
龙威,龙,0,状态,3,自己获得1层龙噬印记 。,https://lokewangguoshijie.com/skills/龙威.png
龙息环爆,龙,50,魔攻,1,造成魔伤，应对状态：下次技能无需蓄力。,https://lokewangguoshijie.com/skills/龙息环爆.png
龙炮,龙,100,物攻,3,对敌方精灵造成物理伤害。,https://lokewangguoshijie.com/skills/龙炮.png
龙爪,龙,120,物攻,4,对敌方精灵造成物理伤害。,https://lokewangguoshijie.com/skills/龙爪.png
龙血,龙,0,防御,2,减伤70%，本技能可以在蓄力状态下使用，应对攻击：下次技能无需蓄力。,https://lokewangguoshijie.com/skills/龙血.png
龙���风,翼,60,物攻,,✦造成物伤，迅捷，应对状态：本次技能威力变为1.5倍。,https://lokewangguoshijie.com/skills/龙卷风.png
��冲光线,光,40,魔攻,,,https://lokewangguoshijie.com/skills/脉冲光线.png
��替身,冰,0,防御,,,https://lokewangguoshijie.com/skills/雪替身.png
��焰护盾,火,0,防御,,,https://lokewangguoshijie.com/skills/火焰护盾.png
��香,草,60,魔攻,,,https://lokewangguoshijie.com/skills/花香.png
���爪,翼,60,物攻,,,https://lokewangguoshijie.com/skills/鹰爪.png
���状闪电,电,60,物攻,,,https://lokewangguoshijie.com/skills/球状闪电.png
���神扰乱,普通,0,状态,,,https://lokewangguoshijie.com/skills/精神扰乱.png
���龙咆哮,龙,200,魔攻,,,https://lokewangguoshijie.com/skills/升龙咆哮.png
