no,name,attributes,type_name,type_code,form_name,form_code,hp,atk,matk,def,mdef,spd,trait_name,trait_desc,image,detail_url
NO.001,迪莫,光,最终形态,final,原始形态,original,120,80,80,105,105,92,最好的伙伴,造成克制伤害后，获得攻防速+20%，并回复2能量。,https://lokewangguoshijie.com/pokemon/NO.001_迪莫.webp,https://wiki.biligame.com/rocom/迪莫
NO.002,喵喵,草,Ⅰ阶,stage1,原始形态,original,65,66,66,49,91,33,氧循环,使用草系技能后，回复10%生命。,https://lokewangguoshijie.com/pokemon/NO.002_喵喵.webp,https://wiki.biligame.com/rocom/喵喵
NO.003,喵呜,草,Ⅱ阶,stage2,原始形态,original,86,87,87,65,121,44,氧循环,使用草系技能后，回复10%生命。,https://lokewangguoshijie.com/pokemon/NO.003_喵呜.webp,https://wiki.biligame.com/rocom/喵呜
NO.004,魔力猫,草,最终形态,final,原始形态,original,108,109,109,81,151,55,氧循环,使用草系技能后，回复10%生命。,https://lokewangguoshijie.com/pokemon/NO.004_魔力猫.webp,https://wiki.biligame.com/rocom/魔力猫
NO.005,火花,火,Ⅰ阶,stage1,原始形态,original,70,84,37,56,43,78,助燃,使用火系技能后，获得双攻+20%。,https://lokewangguoshijie.com/pokemon/NO.005_火花.webp,https://wiki.biligame.com/rocom/火花
NO.006,焰火,火,Ⅱ阶,stage2,原始形态,original,93,111,49,75,58,104,助燃,使用火系技能后，获得双攻+20%。,https://lokewangguoshijie.com/pokemon/NO.006_焰火.webp,https://wiki.biligame.com/rocom/焰火
NO.007,火神,火,最终形态,final,原始形态,original,117,139,61,94,72,130,助燃,使用火系技能后，获得双攻+20%。,https://lokewangguoshijie.com/pokemon/NO.007_火神.webp,https://wiki.biligame.com/rocom/火神
NO.008,水蓝蓝,水,Ⅰ阶,stage1,原始形态,original,75,35,76,56,79,51,浸润,使用水系技能后，全技能能耗-1。,https://lokewangguoshijie.com/pokemon/NO.008_水蓝蓝.webp,https://wiki.biligame.com/rocom/水蓝蓝
NO.009,波波拉,水,Ⅱ阶,stage2,原始形态,original,100,46,102,75,106,68,浸润,使用水系技能后，全技能能耗-1。,https://lokewangguoshijie.com/pokemon/NO.009_波波拉.webp,https://wiki.biligame.com/rocom/波波拉
NO.010,水灵,水,最终形态,final,原始形态,original,125,58,127,94,132,85,浸润,使用水系技能后，全技能能耗-1。,https://lokewangguoshijie.com/pokemon/NO.010_水灵.webp,https://wiki.biligame.com/rocom/水灵
NO.011,鸭吉吉（蓬松的样子）,普通,最终形态,final,原始形态,original,136,95,35,55,45,105,挺起胸脯,携带的能耗为1的技能，威力+50%。,https://lokewangguoshijie.com/pokemon/NO.011_鸭吉吉（蓬松的样子）.webp,https://wiki.biligame.com/rocom/鸭吉吉（蓬松的样子）
NO.011,鸭吉吉（紧实的样子）,普通,最终形态,final,原始形态,original,136,35,95,45,55,105,挺起胸脯,携带的能耗为1的技能，威力+50%。,https://lokewangguoshijie.com/pokemon/NO.011_鸭吉吉（紧实的样子）.webp,https://wiki.biligame.com/rocom/鸭吉吉（紧实的样子）
NO.011,鸭吉吉（急急急鸭）,普通,最终形态,final,原始形态,original,130,95,35,55,45,110,挺起胸脯,携带的能耗为1的技能，威力+50%。,https://lokewangguoshijie.com/pokemon/NO.011_鸭吉吉（急急急鸭）.webp,https://wiki.biligame.com/rocom/鸭吉吉（急急急鸭）
NO.011,鸭吉吉（等一等鸭）,普通,最终形态,final,原始形态,original,137,35,94,46,57,100,挺起胸脯,携带的能耗为1的技能，威力+50%。,https://lokewangguoshijie.com/pokemon/NO.011_鸭吉吉（等一等鸭）.webp,https://wiki.biligame.com/rocom/鸭吉吉（等一等鸭）
NO.011,鸭吉吉（起来鸭）,普通,最终形态,final,原始形态,original,107,53,125,80,113,100,挺起胸脯,携带的能耗为1的技能，威力+50%。,https://lokewangguoshijie.com/pokemon/NO.011_鸭吉吉（起来鸭）.webp,https://wiki.biligame.com/rocom/鸭吉吉（起来鸭）
NO.011,鸭吉吉（燃了鸭）,普通,最终形态,final,原始形态,original,108,89,41,74,48,115,挺起胸脯,携带的能耗为1的技能，威力+50%。,https://lokewangguoshijie.com/pokemon/NO.011_鸭吉吉（燃了鸭）.webp,https://wiki.biligame.com/rocom/鸭吉吉（燃了鸭）
NO.012,板板壳（本来的样子）,水,Ⅰ阶,stage1,原始形态,original,67,28,72,64,81,45,缩壳,携带的防御技能能耗-2。,https://lokewangguoshijie.com/pokemon/NO.012_板板壳（本来的样子）.webp,https://wiki.biligame.com/rocom/板板壳（本来的样子）
NO.013,咔咔壳（本来的样子）,水,Ⅱ阶,stage2,原始形态,original,90,37,96,85,107,60,缩壳,携带的防御技能能耗-2。,https://lokewangguoshijie.com/pokemon/NO.013_咔咔壳（本来的样子）.webp,https://wiki.biligame.com/rocom/咔咔壳（本来的样子）
NO.014,水泡壳（本来的样子）,水,最终形态,final,原始形态,original,112,46,120,107,134,75,缩壳,携带的防御技能能耗-2。,https://lokewangguoshijie.com/pokemon/NO.014_水泡壳（本来的样子）.webp,https://wiki.biligame.com/rocom/水泡壳（本来的样子）
NO.015,锥尾羊,幽,Ⅰ阶,stage1,原始形态,original,67,66,29,72,49,66,碰瓷,自己使用恶系技能后，敌方失去2能量。,https://lokewangguoshijie.com/pokemon/NO.015_锥尾羊.webp,https://wiki.biligame.com/rocom/锥尾羊
NO.016,铃兰羊,幽,Ⅱ阶,stage2,原始形态,original,89,89,39,96,65,88,碰瓷,自己使用恶系技能后，敌方失去2能量。,https://lokewangguoshijie.com/pokemon/NO.016_铃兰羊.webp,https://wiki.biligame.com/rocom/铃兰羊
NO.017,花影羚羊,幽|恶,最终形态,final,原始形态,original,112,111,48,120,81,110,碰瓷,自己使用恶系技能后，敌方失去2能量。,https://lokewangguoshijie.com/pokemon/NO.017_花影羚羊.webp,https://wiki.biligame.com/rocom/花影羚羊
NO.018,雪绒鸟（本来的样子）,翼,Ⅰ阶,stage1,原始形态,original,54,77,33,65,44,69,顺风,若先于敌方攻击，本次技能威力+50%。,https://lokewangguoshijie.com/pokemon/NO.018_雪绒鸟（本来的样子）.webp,https://wiki.biligame.com/rocom/雪绒鸟（本来的样子）
NO.019,冬羽雀（本来的样子）,翼,Ⅱ阶,stage2,原始形态,original,72,103,44,86,59,92,顺风,若先于敌方攻击，本次技能威力+50%。,https://lokewangguoshijie.com/pokemon/NO.019_冬羽雀（本来的样子）.webp,https://wiki.biligame.com/rocom/冬羽雀（本来的样子）
NO.020,岚鸟（本来的样子）,翼,最终形态,final,原始形态,original,90,128,55,108,74,115,顺风,若先于敌方攻击，本次技能威力+50%。,https://lokewangguoshijie.com/pokemon/NO.020_岚鸟（本来的样子）.webp,https://wiki.biligame.com/rocom/岚鸟（本来的样子）
NO.021,小灵菇,幽,Ⅰ阶,stage1,原始形态,original,67,59,59,62,82,45,毒蘑菇,回合结束时，偷取敌方场上所有精灵1能量。,https://lokewangguoshijie.com/pokemon/NO.021_小灵菇.webp,https://wiki.biligame.com/rocom/小灵菇
NO.022,幻灵菇,幽|草,Ⅱ阶,stage2,原始形态,original,89,79,79,83,109,60,毒蘑菇,回合结束时，偷取敌方场上所有精灵1能量。,https://lokewangguoshijie.com/pokemon/NO.022_幻灵菇.webp,https://wiki.biligame.com/rocom/幻灵菇
NO.023,幻影灵菇,幽|草,最终形态,final,原始形态,original,111,98,98,103,136,75,毒蘑菇,回合结束时，偷取敌方场上所有精灵1能量。,https://lokewangguoshijie.com/pokemon/NO.023_幻影灵菇.webp,https://wiki.biligame.com/rocom/幻影灵菇
NO.024,石肤蜥（本来的样子）,地,Ⅰ阶,stage1,原始形态,original,69,54,53,65,45,57,刺肤,每受到1次攻击，对攻击自己的精灵造成50威力物理伤害。,https://lokewangguoshijie.com/pokemon/NO.024_石肤蜥（本来的样子）.webp,https://wiki.biligame.com/rocom/石肤蜥（本来的样子）
NO.025,石刺蜥（本来的样子）,地,Ⅱ阶,stage2,原始形态,original,92,72,71,87,60,76,刺肤,每受到1次攻击，对攻击自己的精灵造成50威力物理伤害。,https://lokewangguoshijie.com/pokemon/NO.025_石刺蜥（本来的样子）.webp,https://wiki.biligame.com/rocom/石刺蜥（本来的样子）
NO.026,石冠王蜥（本来的样子）,地,最终形态,final,原始形态,original,115,89,89,109,75,95,刺肤,每受到1次攻击，对攻击自己的精灵造成50威力物理伤害。,https://lokewangguoshijie.com/pokemon/NO.026_石冠王蜥（本来的样子）.webp,https://wiki.biligame.com/rocom/石冠王蜥（本来的样子）
NO.027,布是石,地,Ⅰ阶,stage1,原始形态,original,72,81,29,95,90,42,地脉,初始能量为0，入场前己方精灵每放1次地系技能，回复3能量。,https://lokewangguoshijie.com/pokemon/NO.027_布是石.webp,https://wiki.biligame.com/rocom/布是石
NO.028,布是岩,地,Ⅱ阶,stage2,原始形态,original,96,108,39,127,120,56,地脉,初始能量为0，入场前己方精灵每放1次地系技能，回复3能量。,https://lokewangguoshijie.com/pokemon/NO.028_布是岩.webp,https://wiki.biligame.com/rocom/布是岩
NO.029,布克棱岩,地,最终形态,final,原始形态,original,120,135,49,159,150,70,地脉,初始能量为0，入场前己方精灵每放1次地系技能，回复3能量。,https://lokewangguoshijie.com/pokemon/NO.029_布克棱岩.webp,https://wiki.biligame.com/rocom/布克棱岩
NO.030,恶魔叮,恶|翼,Ⅰ阶,stage1,原始形态,original,86,112,44,58,43,84,渴求,入场时获得50%吸血。,https://lokewangguoshijie.com/pokemon/NO.030_恶魔叮.webp,https://wiki.biligame.com/rocom/恶魔叮
NO.031,叮叮恶魔,恶|翼,最终形态,final,原始形态,original,108,140,55,73,54,105,渴求,入场时获得50%吸血。,https://lokewangguoshijie.com/pokemon/NO.031_叮叮恶魔.webp,https://wiki.biligame.com/rocom/叮叮恶魔
NO.032,毛毛,虫|萌,Ⅰ阶,stage1,原始形态,original,32,28,28,40,40,60,化茧,受到致命伤害时，获得1层萌化，并免疫此次伤害。,https://lokewangguoshijie.com/pokemon/NO.032_毛毛.webp,https://wiki.biligame.com/rocom/毛毛
NO.033,爬爬,虫|萌,Ⅱ阶,stage2,原始形态,original,42,37,37,53,53,80,化茧,受到致命伤害时，获得1层萌化，并免疫此次伤害。,https://lokewangguoshijie.com/pokemon/NO.033_爬爬.webp,https://wiki.biligame.com/rocom/爬爬
NO.034,化蝶（平常的样子）,虫|萌,最终形态,final,原始形态,original,53,46,46,66,66,100,化茧,受到致命伤害时，获得1层萌化，并免疫此次伤害。,https://lokewangguoshijie.com/pokemon/NO.034_化蝶（平常的样子）.webp,https://wiki.biligame.com/rocom/化蝶（平常的样子）
NO.035,幽影树,幽|草,最终形态,final,原始形态,original,111,96,96,65,123,80,小偷小摸,入场时偷取所有敌方精灵2能量。,https://lokewangguoshijie.com/pokemon/NO.035_幽影树.webp,https://wiki.biligame.com/rocom/幽影树
NO.036,小鼠獭,普通|水,Ⅰ阶,stage1,原始形态,original,73,57,57,60,60,48,保守派,总技能能耗小于4时，自己获得双防+80%。,https://lokewangguoshijie.com/pokemon/NO.036_小鼠獭.webp,https://wiki.biligame.com/rocom/小鼠獭
NO.037,燕尾獭,普通|水,Ⅱ阶,stage2,原始形态,original,97,77,77,81,81,64,保守派,总技能能耗小于4时，自己获得双防+80%。,https://lokewangguoshijie.com/pokemon/NO.037_燕尾獭.webp,https://wiki.biligame.com/rocom/燕尾獭
NO.038,卷胡巨獭,普通|水,最终形态,final,原始形态,original,121,96,96,101,101,80,保守派,总技能能耗小于4时，自己获得双防+80%。,https://lokewangguoshijie.com/pokemon/NO.038_卷胡巨獭.webp,https://wiki.biligame.com/rocom/卷胡巨獭
NO.039,矿晶虫,光|地,Ⅰ阶,stage1,原始形态,original,79,77,81,102,75,52,偏振,受到自己携带技能系别的攻击伤害-40%。,https://lokewangguoshijie.com/pokemon/NO.039_矿晶虫.webp,https://wiki.biligame.com/rocom/矿晶虫
NO.040,晶石蜗（西瓜碧玺的样子）,光|地,最终形态,final,原始形态,original,99,96,101,128,94,65,偏振,受到自己携带技能系别的攻击伤害-40%。,https://lokewangguoshijie.com/pokemon/NO.040_晶石蜗（西瓜碧玺的样子）.webp,https://wiki.biligame.com/rocom/晶石蜗（西瓜碧玺的样子）
NO.041,奇丽草,草,Ⅰ阶,stage1,原始形态,original,67,69,69,73,57,48,养分重吸收,回合结束时，回复3能量。,https://lokewangguoshijie.com/pokemon/NO.041_奇丽草.webp,https://wiki.biligame.com/rocom/奇丽草
NO.042,奇丽叶,草,Ⅱ阶,stage2,原始形态,original,90,92,92,97,76,64,养分重吸收,回合结束时，回复3能量。,https://lokewangguoshijie.com/pokemon/NO.042_奇丽叶.webp,https://wiki.biligame.com/rocom/奇丽叶
NO.043,奇丽花,草,最终形态,final,原始形态,original,112,115,115,121,95,80,养分重吸收,回合结束时，回复3能量。,https://lokewangguoshijie.com/pokemon/NO.043_奇丽花.webp,https://wiki.biligame.com/rocom/奇丽花
NO.044,丢丢（草地附近的样子）,草,Ⅰ阶,stage1,原始形态,original,44,45,12,49,40,78,诈死,自己力竭时，少损失1点魔力。,https://lokewangguoshijie.com/pokemon/NO.044_丢丢（草地附近的样子）.webp,https://wiki.biligame.com/rocom/丢丢（草地附近的样子）
NO.045,卡卡虫（草地附近的样子）,草,Ⅱ阶,stage2,原始形态,original,59,60,16,65,53,104,诈死,自己力竭时，少损失1点魔力。,https://lokewangguoshijie.com/pokemon/NO.045_卡卡虫（草地附近的样子）.webp,https://wiki.biligame.com/rocom/卡卡虫（草地附近的样子）
NO.046,卡瓦重（草地附近的样子）,草,最终形态,final,原始形态,original,74,75,20,81,67,130,诈死,自己力竭时，少损失1点魔力。,https://lokewangguoshijie.com/pokemon/NO.046_卡瓦重（草地附近的样子）.webp,https://wiki.biligame.com/rocom/卡瓦重（草地附近的样子）
NO.047,护主犬,火,Ⅰ阶,stage1,原始形态,original,68,103,37,81,66,96,专注力,入场首回合，获得物攻+100%。,https://lokewangguoshijie.com/pokemon/NO.047_护主犬.webp,https://wiki.biligame.com/rocom/护主犬
NO.048,音速犬,火,最终形态,final,原始形态,original,85,128,46,101,82,120,专注力,入场首回合，获得物攻+100%。,https://lokewangguoshijie.com/pokemon/NO.048_音速犬.webp,https://wiki.biligame.com/rocom/音速犬
NO.049,绿耳松鼠,普通,Ⅰ阶,stage1,原始形态,original,69,50,47,67,52,48,囤积,每有1能量，获得双防+10%。,https://lokewangguoshijie.com/pokemon/NO.049_绿耳松鼠.webp,https://wiki.biligame.com/rocom/绿耳松鼠
NO.050,抱枕松鼠,普通,Ⅱ阶,stage2,原始形态,original,92,67,63,89,70,64,囤积,每有1能量，获得双防+10%。,https://lokewangguoshijie.com/pokemon/NO.050_抱枕松鼠.webp,https://wiki.biligame.com/rocom/抱枕松鼠
NO.051,蹦床松鼠,普通,最终形态,final,原始形态,original,114,84,79,111,87,80,囤积,每有1能量，获得双防+10%。,https://lokewangguoshijie.com/pokemon/NO.051_蹦床松鼠.webp,https://wiki.biligame.com/rocom/蹦床松鼠
NO.052,嘟嘟煲,毒,Ⅰ阶,stage1,原始形态,original,110,29,82,71,83,84,复方汤剂,回合结束时，中毒效果触发次数+1。,https://lokewangguoshijie.com/pokemon/NO.052_嘟嘟煲.webp,https://wiki.biligame.com/rocom/嘟嘟煲
NO.053,嘟嘟锅,毒,最终形态,final,原始形态,original,137,36,102,89,104,105,复方汤剂,回合结束时，中毒效果触发次数+1。,https://lokewangguoshijie.com/pokemon/NO.053_嘟嘟锅.webp,https://wiki.biligame.com/rocom/嘟嘟锅
NO.054,小灵面,幽,Ⅰ阶,stage1,原始形态,original,55,30,72,59,81,69,惊吓,能量等于0的精灵，无法对自己造成伤害。,https://lokewangguoshijie.com/pokemon/NO.054_小灵面.webp,https://wiki.biligame.com/rocom/小灵面
NO.055,暗影灵面（睁眼的样子）,幽,Ⅱ阶,stage2,原始形态,original,74,40,96,78,108,92,惊吓,能量等于0的精灵，无法对自己造成伤害。,https://lokewangguoshijie.com/pokemon/NO.055_暗影灵面（睁眼的样子）.webp,https://wiki.biligame.com/rocom/暗影灵面（睁眼的样子）
NO.056,幽冥眼（睁眼的样子）,普通,最终形态,final,原始形态,original,92,50,120,98,135,115,惊吓,能量等于0的精灵，无法对自己造成伤害。,https://lokewangguoshijie.com/pokemon/NO.056_幽冥眼（睁眼的样子）.webp,https://wiki.biligame.com/rocom/幽冥眼（睁眼的样子）
NO.057,梦游（穿旧睡衣的样子）,幽,Ⅰ阶,stage1,原始形态,original,90,40,106,60,74,92,做噩梦,敌方精灵离场后，更换入场的精灵失去3能量。,https://lokewangguoshijie.com/pokemon/NO.057_梦游（穿旧睡衣的样子）.webp,https://wiki.biligame.com/rocom/梦游（穿旧睡衣的样子）
NO.058,梦悠悠（穿旧睡衣的样子）,幽,最终形态,final,原始形态,original,113,50,133,75,93,115,做噩梦,敌方精灵离场后，更换入场的精灵失去3能量。,https://lokewangguoshijie.com/pokemon/NO.058_梦悠悠（穿旧睡衣的样子）.webp,https://wiki.biligame.com/rocom/梦悠悠（穿旧睡衣的样子）
NO.059,兽花蕾,光|草,最终形态,final,原始形态,original,70,79,82,70,97,115,稀兽花宝,根据自己的血脉，入场时获得不同效果。,https://lokewangguoshijie.com/pokemon/NO.059_兽花蕾.webp,https://wiki.biligame.com/rocom/兽花蕾
NO.060,伏地兽,普通,Ⅰ阶,stage1,原始形态,original,95,56,25,70,41,51,壮胆,队伍存在虫系精灵，自己获得双攻+50%。,https://lokewangguoshijie.com/pokemon/NO.060_伏地兽.webp,https://wiki.biligame.com/rocom/伏地兽
NO.061,贪食鼹,普通,Ⅱ阶,stage2,原始形态,original,126,74,33,94,54,68,壮胆,队伍存在虫系精灵，自己获得双攻+50%。,https://lokewangguoshijie.com/pokemon/NO.061_贪食鼹.webp,https://wiki.biligame.com/rocom/贪食鼹
NO.062,巨噬针鼹,普通,最终形态,final,原始形态,original,158,93,41,117,68,85,壮胆,队伍存在虫系精灵，自己获得双攻+50%。,https://lokewangguoshijie.com/pokemon/NO.062_巨噬针鼹.webp,https://wiki.biligame.com/rocom/巨噬针鼹
NO.063,蹦蹦种子（海神球形态）,草|毒,Ⅰ阶,stage1,原始形态,original,60,64,66,44,63,51,生物碱,使用草系技能时，敌方获得2层中毒。,https://lokewangguoshijie.com/pokemon/NO.063_蹦蹦种子（海神球形态）.webp,https://wiki.biligame.com/rocom/蹦蹦种子（海神球形态）
NO.064,蹦蹦草（海神球形态）,草|毒,Ⅱ阶,stage2,原始形态,original,80,85,88,59,84,68,生物碱,使用草系技能时，敌方获得2层中毒。,https://lokewangguoshijie.com/pokemon/NO.064_蹦蹦草（海神球形态）.webp,https://wiki.biligame.com/rocom/蹦蹦草（海神球形态）
NO.065,蹦蹦花（海神球形态）,草|毒,最终形态,final,原始形态,original,100,107,110,73,105,85,生物碱,使用草系技能时，敌方获得2层中毒。,https://lokewangguoshijie.com/pokemon/NO.065_蹦蹦花（海神球形态）.webp,https://wiki.biligame.com/rocom/蹦蹦花（海神球形态）
NO.066,电咩咩,电,Ⅰ阶,stage1,原始形态,original,47,49,49,55,57,75,快充,离场时回复10能量。,https://lokewangguoshijie.com/pokemon/NO.066_电咩咩.webp,https://wiki.biligame.com/rocom/电咩咩
NO.067,粉咩咩,电,Ⅱ阶,stage2,原始形态,original,62,66,66,73,76,100,快充,离场时回复10能量。,https://lokewangguoshijie.com/pokemon/NO.067_粉咩咩.webp,https://wiki.biligame.com/rocom/粉咩咩
NO.068,电球咩咩,电,最终形态,final,原始形态,original,78,82,82,91,95,125,快充,离场时回复10能量。,https://lokewangguoshijie.com/pokemon/NO.068_电球咩咩.webp,https://wiki.biligame.com/rocom/电球咩咩
NO.069,蒲公英,草|萌,Ⅰ阶,stage1,原始形态,original,89,99,94,103,78,52,勇敢,携带的能耗大于3的技能，威力+40%。,https://lokewangguoshijie.com/pokemon/NO.069_蒲公英.webp,https://wiki.biligame.com/rocom/蒲公英
NO.070,蒲公英娃娃,草|萌,最终形态,final,原始形态,original,111,123,117,129,97,65,勇敢,携带的能耗大于3的技能，威力+40%。,https://lokewangguoshijie.com/pokemon/NO.070_蒲公英娃娃.webp,https://wiki.biligame.com/rocom/蒲公英娃娃
NO.071,伊贝儿,草,Ⅰ阶,stage1,原始形态,original,85,73,71,76,76,72,腐植循环,每回复1能量，同时回复5%生命。,https://lokewangguoshijie.com/pokemon/NO.071_伊贝儿.webp,https://wiki.biligame.com/rocom/伊贝儿
NO.072,伊贝粉粉,草,最终形态,final,原始形态,original,106,91,89,95,95,90,腐植循环,每回复1能量，同时回复5%生命。,https://lokewangguoshijie.com/pokemon/NO.072_伊贝粉粉.webp,https://wiki.biligame.com/rocom/伊贝粉粉
NO.073,白发懒人,普通,Ⅰ阶,stage1,原始形态,original,86,94,38,81,66,45,慢热型,初始能量为0，入场前己方精灵每成功应对1次，回复5能量。,https://lokewangguoshijie.com/pokemon/NO.073_白发懒人.webp,https://wiki.biligame.com/rocom/白发懒人
NO.074,动力猿,普通|武,Ⅱ阶,stage2,原始形态,original,115,125,51,108,88,60,慢热型,初始能量为0，入场前己方精灵每成功应对1次，回复5能量。,https://lokewangguoshijie.com/pokemon/NO.074_动力猿.webp,https://wiki.biligame.com/rocom/动力猿
NO.075,瞌睡王,普通|武,最终形态,final,原始形态,original,144,157,64,135,110,75,慢热型,初始能量为0，入场前己方精灵每成功应对1次，回复5能量。,https://lokewangguoshijie.com/pokemon/NO.075_瞌睡王.webp,https://wiki.biligame.com/rocom/瞌睡王
NO.076,海盔虫（本来的样子）,水|毒,Ⅰ阶,stage1,原始形态,original,71,25,59,46,66,60,溶解扩散,每携带1个毒系技能进入战斗，水系技能使敌方获得1层中毒。,https://lokewangguoshijie.com/pokemon/NO.076_海盔虫（本来的样子）.webp,https://wiki.biligame.com/rocom/海盔虫（本来的样子）
NO.077,刺盔虫（本来的样子）,水|毒,Ⅱ阶,stage2,原始形态,original,94,33,79,61,88,80,溶解扩散,每携带1个毒系技能进入战斗，水系技能使敌方获得1层中毒。,https://lokewangguoshijie.com/pokemon/NO.077_刺盔虫（本来的样子）.webp,https://wiki.biligame.com/rocom/刺盔虫（本来的样子）
NO.078,千棘盔（本来的样子）,水|毒,最终形态,final,原始形态,original,118,41,99,76,111,100,溶解扩散,每携带1个毒系技能进入战斗，水系技能使敌方获得1层中毒。,https://lokewangguoshijie.com/pokemon/NO.078_千棘盔（本来的样子）.webp,https://wiki.biligame.com/rocom/千棘盔（本来的样子）
NO.079,菊花梨,萌,最终形态,final,原始形态,original,106,49,116,77,115,60,无忧无虑,可获得的萌化层数不受限制。,https://lokewangguoshijie.com/pokemon/NO.079_菊花梨.webp,https://wiki.biligame.com/rocom/菊花梨
NO.080,小星光（星光能量的样子）,电,Ⅰ阶,stage1,原始形态,original,60,81,85,72,88,108,电流刺激,携带的攻击技能获得迸发：威力+40。,https://lokewangguoshijie.com/pokemon/NO.080_小星光（星光能量的样子）.webp,https://wiki.biligame.com/rocom/小星光（星光能量的样子）
NO.081,星光狮（星光能量的样子）,电,最终形态,final,原始形态,original,75,101,106,90,110,135,电流刺激,携带的攻击技能获得迸发：威力+40。,https://lokewangguoshijie.com/pokemon/NO.081_星光狮（星光能量的样子）.webp,https://wiki.biligame.com/rocom/星光狮（星光能量的样子）
NO.082,一窝蜂,虫|翼,Ⅰ阶,stage1,原始形态,original,87,32,29,27,27,26,虫群鼓舞,队伍中每有1只其他的虫系精灵，自己入场时获得攻防速+10%。,https://lokewangguoshijie.com/pokemon/NO.082_一窝蜂.webp,https://wiki.biligame.com/rocom/一窝蜂
NO.083,黄蜂后,虫|翼,Ⅱ阶,stage2,原始形态,original,116,43,39,36,36,35,虫群鼓舞,队伍中每有1只其他的虫系精灵，自己入场时获得攻防速+10%。,https://lokewangguoshijie.com/pokemon/NO.083_黄蜂后.webp,https://wiki.biligame.com/rocom/黄蜂后
NO.084,花魁蜂后,虫|翼,最终形态,final,原始形态,original,145,54,49,45,45,44,虫群鼓舞,队伍中每有1只其他的虫系精灵，自己入场时获得攻防速+10%。,https://lokewangguoshijie.com/pokemon/NO.084_花魁蜂后.webp,https://wiki.biligame.com/rocom/花魁蜂后
NO.085,小夜,恶,Ⅰ阶,stage1,原始形态,original,60,69,63,62,51,69,嫁祸,自己每失去25%生命，连击数+2。,https://lokewangguoshijie.com/pokemon/NO.085_小夜.webp,https://wiki.biligame.com/rocom/小夜
NO.086,紫夜,恶,Ⅱ阶,stage2,原始形态,original,80,92,84,83,68,92,嫁祸,自己每失去25%生命，连击数+2。,https://lokewangguoshijie.com/pokemon/NO.086_紫夜.webp,https://wiki.biligame.com/rocom/紫夜
NO.087,朔夜伊芙,恶,最终形态,final,原始形态,original,100,115,105,104,85,115,嫁祸,自己每失去25%生命，连击数+2。,https://lokewangguoshijie.com/pokemon/NO.087_朔夜伊芙.webp,https://wiki.biligame.com/rocom/朔夜伊芙
NO.088,乖乖鹄,翼|水,Ⅰ阶,stage1,原始形态,original,75,57,52,83,58,69,洁癖,离场后，自己的增益和减益会被更换入场的精灵继承。,https://lokewangguoshijie.com/pokemon/NO.088_乖乖鹄.webp,https://wiki.biligame.com/rocom/乖乖鹄
NO.089,蓝珠天鹅,翼|水,Ⅱ阶,stage2,原始形态,original,100,76,69,110,78,92,洁癖,离场后，自己的增益和减益会被更换入场的精灵继承。,https://lokewangguoshijie.com/pokemon/NO.089_蓝珠天鹅.webp,https://wiki.biligame.com/rocom/蓝珠天鹅
NO.090,翠顶夫人,翼|水,最终形态,final,原始形态,original,125,95,86,138,97,115,洁癖,离场后，自己的增益和减益会被更换入场的精灵继承。,https://lokewangguoshijie.com/pokemon/NO.090_翠顶夫人.webp,https://wiki.biligame.com/rocom/翠顶夫人
NO.091,黑羽夫人,翼|恶,最终形态,final,原始形态,original,132,93,87,130,90,120,贪婪,敌方精灵离场后，其增益和减益会被更换入场的精灵继承。,https://lokewangguoshijie.com/pokemon/NO.091_黑羽夫人.webp,https://wiki.biligame.com/rocom/黑羽夫人
NO.092,锤头鹳,翼|水,最终形态,final,原始形态,original,111,67,65,91,72,105,快锤,携带的能耗小于3的技能，获得迅捷。,https://lokewangguoshijie.com/pokemon/NO.092_锤头鹳.webp,https://wiki.biligame.com/rocom/锤头鹳
NO.093,绿草精灵,草|幻,Ⅰ阶,stage1,原始形态,original,79,35,89,87,111,72,木桶戏法,离场后，更换入场的精灵以木桶状态登场。,https://lokewangguoshijie.com/pokemon/NO.093_绿草精灵.webp,https://wiki.biligame.com/rocom/绿草精灵
NO.094,魔草巫灵,草|幻,最终形态,final,原始形态,original,99,43,112,109,139,90,木桶戏法,离场后，更换入场的精灵以木桶状态登场。,https://lokewangguoshijie.com/pokemon/NO.094_魔草巫灵.webp,https://wiki.biligame.com/rocom/魔草巫灵
NO.095,记忆石,地,最终形态,final,原始形态,original,112,108,97,141,79,70,不移,携带的无额外效果的攻击技能，威力+30%。,https://lokewangguoshijie.com/pokemon/NO.095_记忆石.webp,https://wiki.biligame.com/rocom/记忆石
NO.096,咔咔羽毛,翼|普通,Ⅰ阶,stage1,原始形态,original,58,68,66,61,53,72,咔咔冲刺,若先于敌方行动，行动后获得连击数+1。,https://lokewangguoshijie.com/pokemon/NO.096_咔咔羽毛.webp,https://wiki.biligame.com/rocom/咔咔羽毛
NO.097,咔咔雀,翼|普通,Ⅱ阶,stage2,原始形态,original,78,91,88,81,71,96,咔咔冲刺,若先于敌方行动，行动后获得连击数+1。,https://lokewangguoshijie.com/pokemon/NO.097_咔咔雀.webp,https://wiki.biligame.com/rocom/咔咔雀
NO.098,咔咔鸟,翼|普通,最终形态,final,原始形态,original,97,114,110,101,89,120,咔咔冲刺,若先于敌方行动，行动后获得连击数+1。,https://lokewangguoshijie.com/pokemon/NO.098_咔咔鸟.webp,https://wiki.biligame.com/rocom/咔咔鸟
NO.099,小草虫,虫|草,Ⅰ阶,stage1,原始形态,original,73,40,43,50,57,60,花精灵,回合结束时，己方队伍获得1次随机奉献。,https://lokewangguoshijie.com/pokemon/NO.099_小草虫.webp,https://wiki.biligame.com/rocom/小草虫
NO.100,草衣虫,虫|草,Ⅱ阶,stage2,原始形态,original,97,53,57,67,75,80,花精灵,回合结束时，己方队伍获得1次随机奉献。,https://lokewangguoshijie.com/pokemon/NO.100_草衣虫.webp,https://wiki.biligame.com/rocom/草衣虫
NO.101,花衣蝶,虫|草,最终形态,final,原始形态,original,122,67,72,84,94,100,花精灵,回合结束时，己方队伍获得1次随机奉献。,https://lokewangguoshijie.com/pokemon/NO.101_花衣蝶.webp,https://wiki.biligame.com/rocom/花衣蝶
NO.102,绿翼鸟,萌|翼,Ⅰ阶,stage1,原始形态,original,52,68,20,56,53,81,自由飘,自己每有1层萌化，获得连击数+2。,https://lokewangguoshijie.com/pokemon/NO.102_绿翼鸟.webp,https://wiki.biligame.com/rocom/绿翼鸟
NO.103,魔翼鸟,萌|翼,Ⅱ阶,stage2,原始形态,original,70,91,27,75,70,108,自由飘,自己每有1层萌化，获得连击数+2。,https://lokewangguoshijie.com/pokemon/NO.103_魔翼鸟.webp,https://wiki.biligame.com/rocom/魔翼鸟
NO.104,魔眷鸟,萌|翼,最终形态,final,原始形态,original,87,113,34,94,88,135,自由飘,自己每有1层萌化，获得连击数+2。,https://lokewangguoshijie.com/pokemon/NO.104_魔眷鸟.webp,https://wiki.biligame.com/rocom/魔眷鸟
NO.105,阿米亚特,地,Ⅰ阶,stage1,原始形态,original,64,95,47,67,42,45,石头大餐,能量不足时，消耗5%生命，代替1能量。,https://lokewangguoshijie.com/pokemon/NO.105_阿米亚特.webp,https://wiki.biligame.com/rocom/阿米亚特
NO.106,阿米樱,地,Ⅱ阶,stage2,原始形态,original,86,127,62,89,56,60,石头大餐,能量不足时，消耗5%生命，代替1能量。,https://lokewangguoshijie.com/pokemon/NO.106_阿米樱.webp,https://wiki.biligame.com/rocom/阿米樱
NO.107,罗隐,地|恶,最终形态,final,原始形态,original,107,159,78,112,70,75,石头大餐,能量不足时，消耗5%生命，代替1能量。,https://lokewangguoshijie.com/pokemon/NO.107_罗隐.webp,https://wiki.biligame.com/rocom/罗隐
NO.108,风铃鲨,水|翼,Ⅰ阶,stage1,原始形态,original,54,46,46,63,63,75,水翼推进,己方精灵每使用1次水系技能，自己入场时获得全技能能耗-1。,https://lokewangguoshijie.com/pokemon/NO.108_风铃鲨.webp,https://wiki.biligame.com/rocom/风铃鲨
NO.109,蓝蝶鲨,水|翼,Ⅱ阶,stage2,原始形态,original,72,61,61,84,84,100,水翼推进,己方精灵每使用1次水系技能，自己入场时获得全技能能耗-1。,https://lokewangguoshijie.com/pokemon/NO.109_蓝蝶鲨.webp,https://wiki.biligame.com/rocom/蓝蝶鲨
NO.110,彩蝶鲨,水|翼,最终形态,final,原始形态,original,90,77,77,105,105,125,水翼推进,己方精灵每使用1次水系技能，自己入场时获得全技能能耗-1。,https://lokewangguoshijie.com/pokemon/NO.110_彩蝶鲨.webp,https://wiki.biligame.com/rocom/彩蝶鲨
NO.111,石石,地,Ⅰ阶,stage1,原始形态,original,76,79,79,101,56,76,石天平,若使用技能能耗高于敌方，回合结束敌方失去能耗之差的能量。,https://lokewangguoshijie.com/pokemon/NO.111_石石.webp,https://wiki.biligame.com/rocom/石石
NO.112,巨灵石,地|幽,最终形态,final,原始形态,original,95,99,99,126,70,95,石天平,若使用技能能耗高于敌方，回合结束敌方失去能耗之差的能量。,https://lokewangguoshijie.com/pokemon/NO.112_巨灵石.webp,https://wiki.biligame.com/rocom/巨灵石
NO.113,仪使者,地|幻,Ⅰ阶,stage1,原始形态,original,64,54,57,69,71,51,观星,敌方每有1层星陨印记，自己的地系技能威力+15%。,https://lokewangguoshijie.com/pokemon/NO.113_仪使者.webp,https://wiki.biligame.com/rocom/仪使者
NO.114,仪式之星,地|幻,Ⅱ阶,stage2,原始形态,original,85,72,76,92,95,68,观星,敌方每有1层星陨印记，自己的地系技能威力+15%。,https://lokewangguoshijie.com/pokemon/NO.114_仪式之星.webp,https://wiki.biligame.com/rocom/仪式之星
NO.115,仪式巨像,地|幻,最终形态,final,原始形态,original,106,90,95,115,119,85,观星,敌方每有1层星陨印记，自己的地系技能威力+15%。,https://lokewangguoshijie.com/pokemon/NO.115_仪式巨像.webp,https://wiki.biligame.com/rocom/仪式巨像
NO.116,小独角兽,光,Ⅰ阶,stage1,原始形态,original,79,48,129,62,74,84,目空,携带的非光系技能，威力+25%。,https://lokewangguoshijie.com/pokemon/NO.116_小独角兽.webp,https://wiki.biligame.com/rocom/小独角兽
NO.117,白金独角兽,光,最终形态,final,原始形态,original,99,61,161,77,92,105,目空,携带的非光系技能，威力+25%。,https://lokewangguoshijie.com/pokemon/NO.117_白金独角兽.webp,https://wiki.biligame.com/rocom/白金独角兽
NO.118,旋叶虫（金黄的样子）,普通|虫,Ⅰ阶,stage1,原始形态,original,56,15,65,63,55,72,共鸣,携带的【虫鸣】技能威力+20。,https://lokewangguoshijie.com/pokemon/NO.118_旋叶虫（金黄的样子）.webp,https://wiki.biligame.com/rocom/旋叶虫（金黄的样子）
NO.119,蓬叶虫（金黄的样子）,普通|虫,Ⅱ阶,stage2,原始形态,original,74,19,87,84,73,96,共鸣,携带的【虫鸣】技能威力+20。,https://lokewangguoshijie.com/pokemon/NO.119_蓬叶虫（金黄的样子）.webp,https://wiki.biligame.com/rocom/蓬叶虫（金黄的样子）
NO.120,风滚暮虫（金黄的样子）,普通|虫,最终形态,final,原始形态,original,93,24,109,105,91,120,共鸣,携带的【虫鸣】技能威力+20。,https://lokewangguoshijie.com/pokemon/NO.120_风滚暮虫（金黄的样子）.webp,https://wiki.biligame.com/rocom/风滚暮虫（金黄的样子）
NO.121,小黑猫,普通,Ⅰ阶,stage1,原始形态,original,121,72,130,54,95,56,预警,若敌方技能足够击败自己，回合开始时自己获得速度+50。,https://lokewangguoshijie.com/pokemon/NO.121_小黑猫.webp,https://wiki.biligame.com/rocom/小黑猫
NO.122,黑猫巫师,普通,最终形态,final,原始形态,original,152,91,163,67,119,70,预警,若敌方技能足够击败自己，回合开始时自己获得速度+50。,https://lokewangguoshijie.com/pokemon/NO.122_黑猫巫师.webp,https://wiki.biligame.com/rocom/黑猫巫师
NO.123,忽幽狸,幽|毒,Ⅰ阶,stage1,原始形态,original,78,87,84,84,56,104,下黑手,敌方精灵离场后，更换入场的精灵获得5层中毒。,https://lokewangguoshijie.com/pokemon/NO.123_忽幽狸.webp,https://wiki.biligame.com/rocom/忽幽狸
NO.124,影狸,幽|毒,最终形态,final,原始形态,original,97,109,105,105,70,130,下黑手,敌方精灵离场后，更换入场的精灵获得5层中毒。,https://lokewangguoshijie.com/pokemon/NO.124_影狸.webp,https://wiki.biligame.com/rocom/影狸
NO.125,多多,毒|地,Ⅰ阶,stage1,原始形态,original,47,53,53,82,66,54,毒牙,使敌方获得中毒时，也会使其获得魔攻和魔防-40%。,https://lokewangguoshijie.com/pokemon/NO.125_多多.webp,https://wiki.biligame.com/rocom/多多
NO.126,多啦多,毒|地,Ⅱ阶,stage2,原始形态,original,63,70,70,109,88,72,毒牙,使敌方获得中毒时，也会使其获得魔攻和魔防-40%。,https://lokewangguoshijie.com/pokemon/NO.126_多啦多.webp,https://wiki.biligame.com/rocom/多啦多
NO.127,古啦多,毒|地,最终形态,final,原始形态,original,79,88,88,136,110,90,毒牙,使敌方获得中毒时，也会使其获得魔攻和魔防-40%。,https://lokewangguoshijie.com/pokemon/NO.127_古啦多.webp,https://wiki.biligame.com/rocom/古啦多
NO.128,哭哭菇,幻,Ⅰ阶,stage1,原始形态,original,74,38,41,30,60,36,吸积盘,回合结束时，敌方获得2层星陨印记。,https://lokewangguoshijie.com/pokemon/NO.128_哭哭菇.webp,https://wiki.biligame.com/rocom/哭哭菇
NO.129,怖须菇,幻,Ⅱ阶,stage2,原始形态,original,99,50,55,40,80,48,吸积盘,回合结束时，敌方获得2层星陨印记。,https://lokewangguoshijie.com/pokemon/NO.129_怖须菇.webp,https://wiki.biligame.com/rocom/怖须菇
NO.130,怖哭菇,幻,最终形态,final,原始形态,original,124,63,69,50,100,60,吸积盘,回合结束时，敌方获得2层星陨印记。,https://lokewangguoshijie.com/pokemon/NO.130_怖哭菇.webp,https://wiki.biligame.com/rocom/怖哭菇
NO.131,恶魔狼,恶,最终形态,final,原始形态,original,115,114,45,91,63,120,悲悯,己方队伍中每有1只力竭的精灵，自己获得双攻+30%。,https://lokewangguoshijie.com/pokemon/NO.131_恶魔狼.webp,https://wiki.biligame.com/rocom/恶魔狼
NO.132,小电企鹅,冰|电,Ⅰ阶,stage1,原始形态,original,75,45,101,59,87,100,超负荷,攻击技能获得迸发：敌方获得全技能能耗+1。,https://lokewangguoshijie.com/pokemon/NO.132_小电企鹅.webp,https://wiki.biligame.com/rocom/小电企鹅
NO.133,电企鹅,冰|电,最终形态,final,原始形态,original,94,56,126,73,109,125,超负荷,攻击技能获得迸发：敌方获得全技能能耗+1。,https://lokewangguoshijie.com/pokemon/NO.133_电企鹅.webp,https://wiki.biligame.com/rocom/电企鹅
NO.134,雪豆丁,冰,Ⅰ阶,stage1,原始形态,original,97,104,47,83,62,36,打雪仗,初始能量为0，入场前己方精灵每放1次冰系技能，回复3能量。,https://lokewangguoshijie.com/pokemon/NO.134_雪豆丁.webp,https://wiki.biligame.com/rocom/雪豆丁
NO.135,雪蛮人,冰,Ⅱ阶,stage2,原始形态,original,130,139,63,111,83,48,打雪仗,初始能量为0，入场前己方精灵每放1次冰系技能，回复3能量。,https://lokewangguoshijie.com/pokemon/NO.135_雪蛮人.webp,https://wiki.biligame.com/rocom/雪蛮人
NO.136,雪巨人,冰,最终形态,final,原始形态,original,162,174,79,139,104,60,打雪仗,初始能量为0，入场前己方精灵每放1次冰系技能，回复3能量。,https://lokewangguoshijie.com/pokemon/NO.136_雪巨人.webp,https://wiki.biligame.com/rocom/雪巨人
NO.137,呼呼猪,冰|地,Ⅰ阶,stage1,原始形态,original,98,95,33,88,81,68,冻土,每携带1个冰系技能进入战斗，地系技能威力+10%。,https://lokewangguoshijie.com/pokemon/NO.137_呼呼猪.webp,https://wiki.biligame.com/rocom/呼呼猪
NO.138,獠牙猪,冰|地,最终形态,final,原始形态,original,123,119,41,110,101,85,冻土,每携带1个冰系技能进入战斗，地系技能威力+10%。,https://lokewangguoshijie.com/pokemon/NO.138_獠牙猪.webp,https://wiki.biligame.com/rocom/獠牙猪
NO.139,雪娃娃,冰,Ⅰ阶,stage1,原始形态,original,56,67,67,63,63,69,冰封,在场时，敌方全技能能耗+1。,https://lokewangguoshijie.com/pokemon/NO.139_雪娃娃.webp,https://wiki.biligame.com/rocom/雪娃娃
NO.140,冰封怨灵,冰,Ⅱ阶,stage2,原始形态,original,75,90,90,84,84,92,冰封,在场时，敌方全技能能耗+1。,https://lokewangguoshijie.com/pokemon/NO.140_冰封怨灵.webp,https://wiki.biligame.com/rocom/冰封怨灵
NO.141,雪灵,冰,最终形态,final,原始形态,original,94,112,112,105,105,115,冰封,在场时，敌方全技能能耗+1。,https://lokewangguoshijie.com/pokemon/NO.141_雪灵.webp,https://wiki.biligame.com/rocom/雪灵
NO.142,大耳帽兜,冰|萌,Ⅰ阶,stage1,原始形态,original,78,62,59,39,78,54,捉迷藏,使敌方获得冻结时，也会使其获得全技能能耗+1。,https://lokewangguoshijie.com/pokemon/NO.142_大耳帽兜.webp,https://wiki.biligame.com/rocom/大耳帽兜
NO.143,帽兜娃娃,冰|萌,Ⅱ阶,stage2,原始形态,original,104,83,78,52,104,72,捉迷藏,使敌方获得冻结时，也会使其获得全技能能耗+1。,https://lokewangguoshijie.com/pokemon/NO.143_帽兜娃娃.webp,https://wiki.biligame.com/rocom/帽兜娃娃
NO.144,雪影娃娃,冰|萌,最终形态,final,原始形态,original,130,103,98,66,130,90,捉迷藏,使敌方获得冻结时，也会使其获得全技能能耗+1。,https://lokewangguoshijie.com/pokemon/NO.144_雪影娃娃.webp,https://wiki.biligame.com/rocom/雪影娃娃
NO.145,权杖-Ⅱ,机械,Ⅰ阶,stage1,原始形态,original,82,84,78,109,109,60,机械变式,自己携带的技能每回合位置变化时，该技能能耗-1。,https://lokewangguoshijie.com/pokemon/NO.145_权杖-Ⅱ.webp,https://wiki.biligame.com/rocom/权杖-Ⅱ
NO.146,权杖-Ⅴ,机械,最终形态,final,原始形态,original,103,105,97,136,136,75,机械变式,自己携带的技能每回合位置变化时，该技能能耗-1。,https://lokewangguoshijie.com/pokemon/NO.146_权杖-Ⅴ.webp,https://wiki.biligame.com/rocom/权杖-Ⅴ
NO.147,灵狐,火|冰,Ⅰ阶,stage1,原始形态,original,69,52,52,50,64,60,灵魂灼伤,冰系技能使敌方获得4层灼烧，火系技能使敌方获得2层冻结。,https://lokewangguoshijie.com/pokemon/NO.147_灵狐.webp,https://wiki.biligame.com/rocom/灵狐
NO.148,九尾狐,火|冰,Ⅱ阶,stage2,原始形态,original,92,70,70,67,86,80,灵魂灼伤,冰系技能使敌方获得4层灼烧，火系技能使敌方获得2层冻结。,https://lokewangguoshijie.com/pokemon/NO.148_九尾狐.webp,https://wiki.biligame.com/rocom/九尾狐
NO.149,尖嘴狐仙,火|冰,最终形态,final,原始形态,original,115,87,87,84,107,100,灵魂灼伤,冰系技能使敌方获得4层灼烧，火系技能使敌方获得2层冻结。,https://lokewangguoshijie.com/pokemon/NO.149_尖嘴狐仙.webp,https://wiki.biligame.com/rocom/尖嘴狐仙
NO.150,里奥,翼,Ⅰ阶,stage1,原始形态,original,79,65,65,77,50,75,飓风,对本精灵的技能，若其他翼系精灵携带相同技能，则获得迅捷。被敌方精灵击败时，自己额外损失1点魔力。,https://lokewangguoshijie.com/pokemon/NO.150_里奥.webp,https://wiki.biligame.com/rocom/里奥
NO.151,灵羽勇士,翼,Ⅱ阶,stage2,原始形态,original,105,87,87,102,66,100,飓风,对本精灵的技能，若其他翼系精灵携带相同技能，则获得迅捷。被敌方精灵击败时，自己额外损失1点魔力。,https://lokewangguoshijie.com/pokemon/NO.151_灵羽勇士.webp,https://wiki.biligame.com/rocom/灵羽勇士
NO.152,圣羽翼王,翼,最终形态,final,原始形态,original,132,109,109,128,83,125,飓风,对本精灵的技能，若其他翼系精灵携带相同技能，则获得迅捷。被敌方精灵击败时，自己额外损失1点魔力。,https://lokewangguoshijie.com/pokemon/NO.152_圣羽翼王.webp,https://wiki.biligame.com/rocom/圣羽翼王
NO.153,松仔,草|武,Ⅰ阶,stage1,原始形态,original,63,83,34,77,60,63,野性感官,应对成功后，下次行动先手+1。,https://lokewangguoshijie.com/pokemon/NO.153_松仔.webp,https://wiki.biligame.com/rocom/松仔
NO.154,松叶羊,草|武,Ⅱ阶,stage2,原始形态,original,84,111,46,102,80,84,野性感官,应对成功后，下次行动先手+1。,https://lokewangguoshijie.com/pokemon/NO.154_松叶羊.webp,https://wiki.biligame.com/rocom/松叶羊
NO.155,针叶巡林,草|武,最终形态,final,原始形态,original,105,139,57,128,100,105,野性感官,应对成功后，下次行动先手+1。,https://lokewangguoshijie.com/pokemon/NO.155_针叶巡林.webp,https://wiki.biligame.com/rocom/针叶巡林
NO.156,小勇狮,火|武,Ⅰ阶,stage1,原始形态,original,82,31,66,53,78,48,圣火骑士,应对成功后，下次攻击威力翻倍。,https://lokewangguoshijie.com/pokemon/NO.156_小勇狮.webp,https://wiki.biligame.com/rocom/小勇狮
NO.157,炽焰狮,火|武,Ⅱ阶,stage2,原始形态,original,110,41,89,70,104,64,圣火骑士,应对成功后，下次攻击威力翻倍。,https://lokewangguoshijie.com/pokemon/NO.157_炽焰狮.webp,https://wiki.biligame.com/rocom/炽焰狮
NO.158,炽心勇狮,火|武,最终形态,final,原始形态,original,137,51,111,88,130,80,圣火骑士,应对成功后，下次攻击威力翻倍。,https://lokewangguoshijie.com/pokemon/NO.158_炽心勇狮.webp,https://wiki.biligame.com/rocom/炽心勇狮
NO.159,水滴蛇,水|武,Ⅰ阶,stage1,原始形态,original,63,66,62,62,62,63,思维之盾,应对成功后，下次行动技能能耗-5。,https://lokewangguoshijie.com/pokemon/NO.159_水滴蛇.webp,https://wiki.biligame.com/rocom/水滴蛇
NO.160,水蛇锁,水|武,Ⅱ阶,stage2,原始形态,original,84,88,83,83,83,84,思维之盾,应对成功后，下次行动技能能耗-5。,https://lokewangguoshijie.com/pokemon/NO.160_水蛇锁.webp,https://wiki.biligame.com/rocom/水蛇锁
NO.161,游蛇魔使,水|武,最终形态,final,原始形态,original,105,110,104,103,103,105,思维之盾,应对成功后，下次行动技能能耗-5。,https://lokewangguoshijie.com/pokemon/NO.161_游蛇魔使.webp,https://wiki.biligame.com/rocom/游蛇魔使
NO.162,公平鸽,普通,最终形态,final,原始形态,original,113,93,93,125,125,100,衡量,入场时，复制敌方的增益。在场时，若敌方获得增益自己也会获得。,https://lokewangguoshijie.com/pokemon/NO.162_公平鸽.webp,https://wiki.biligame.com/rocom/公平鸽
NO.163,小怂猫,武,Ⅰ阶,stage1,原始形态,original,74,106,101,89,76,76,威慑,打断敌方时，被打断的技能进入2回合冷却。,https://lokewangguoshijie.com/pokemon/NO.163_小怂猫.webp,https://wiki.biligame.com/rocom/小怂猫
NO.164,怒目怂猫,武,最终形态,final,原始形态,original,92,132,126,111,95,95,威慑,打断敌方时，被打断的技能进入2回合冷却。,https://lokewangguoshijie.com/pokemon/NO.164_怒目怂猫.webp,https://wiki.biligame.com/rocom/怒目怂猫
NO.165,小狮鹫（崖间地的样子）,翼,Ⅰ阶,stage1,原始形态,original,61,69,39,64,33,72,乘风连击,使用翼系技能后，获得连击数+1。,https://lokewangguoshijie.com/pokemon/NO.165_小狮鹫（崖间地的样子）.webp,https://wiki.biligame.com/rocom/小狮鹫（崖间地的样子）
NO.166,神圣狮鹫（崖间地的样子）,翼,Ⅱ阶,stage2,原始形态,original,82,92,51,86,44,96,乘风连击,使用翼系技能后，获得连击数+1。,https://lokewangguoshijie.com/pokemon/NO.166_神圣狮鹫（崖间地的样子）.webp,https://wiki.biligame.com/rocom/神圣狮鹫（崖间地的样子）
NO.167,皇家狮鹫（崖间地的样子）,翼,最终形态,final,原始形态,original,102,116,64,107,55,120,乘风连击,使用翼系技能后，获得连击数+1。,https://lokewangguoshijie.com/pokemon/NO.167_皇家狮鹫（崖间地的样子）.webp,https://wiki.biligame.com/rocom/皇家狮鹫（崖间地的样子）
NO.168,圆眼蜘蛛,虫,Ⅰ阶,stage1,原始形态,original,55,37,37,55,55,66,毒腺,使用能耗小于等于1的技能时，敌方获得4层中毒。,https://lokewangguoshijie.com/pokemon/NO.168_圆眼蜘蛛.webp,https://wiki.biligame.com/rocom/圆眼蜘蛛
NO.169,尖角蜘蛛,虫|毒,Ⅱ阶,stage2,原始形态,original,74,49,49,73,73,88,毒腺,使用能耗小于等于1的技能时，敌方获得4层中毒。,https://lokewangguoshijie.com/pokemon/NO.169_尖角蜘蛛.webp,https://wiki.biligame.com/rocom/尖角蜘蛛
NO.170,芋香巨角蛛,虫|毒,最终形态,final,原始形态,original,92,61,61,91,91,110,毒腺,使用能耗小于等于1的技能时，敌方获得4层中毒。,https://lokewangguoshijie.com/pokemon/NO.170_芋香巨角蛛.webp,https://wiki.biligame.com/rocom/芋香巨角蛛
NO.171,波波螺,地|水,Ⅰ阶,stage1,原始形态,original,67,59,59,87,66,42,消波块,每携带1个水系技能进入战斗，地系技能能耗-1。,https://lokewangguoshijie.com/pokemon/NO.171_波波螺.webp,https://wiki.biligame.com/rocom/波波螺
NO.172,消波螺,地|水,Ⅱ阶,stage2,原始形态,original,89,78,78,116,88,56,消波块,每携带1个水系技能进入战斗，地系技能能耗-1。,https://lokewangguoshijie.com/pokemon/NO.172_消波螺.webp,https://wiki.biligame.com/rocom/消波螺
NO.173,嗜波螺,地|水,最终形态,final,原始形态,original,112,98,98,146,110,70,消波块,每携带1个水系技能进入战斗，地系技能能耗-1。,https://lokewangguoshijie.com/pokemon/NO.173_嗜波螺.webp,https://wiki.biligame.com/rocom/嗜波螺
NO.174,菇菇丁,地|草,Ⅰ阶,stage1,原始形态,original,89,61,57,70,57,42,多人宿舍,自己的能量可以超过能量上限。,https://lokewangguoshijie.com/pokemon/NO.174_菇菇丁.webp,https://wiki.biligame.com/rocom/菇菇丁
NO.175,多菇丁,地|草,Ⅱ阶,stage2,原始形态,original,119,81,76,93,76,56,多人宿舍,自己的能量可以超过能量上限。,https://lokewangguoshijie.com/pokemon/NO.175_多菇丁.webp,https://wiki.biligame.com/rocom/多菇丁
NO.176,九幽菇,地|草,最终形态,final,原始形态,original,149,102,95,116,95,70,多人宿舍,自己的能量可以超过能量上限。,https://lokewangguoshijie.com/pokemon/NO.176_九幽菇.webp,https://wiki.biligame.com/rocom/九幽菇
NO.177,斑斑,翼,Ⅰ阶,stage1,原始形态,original,71,90,90,71,80,92,逐魂鸟,能耗小于等于1的攻击技能，无法对自己造成伤害。,https://lokewangguoshijie.com/pokemon/NO.177_斑斑.webp,https://wiki.biligame.com/rocom/斑斑
NO.178,斑枭,翼,最终形态,final,原始形态,original,89,112,112,89,100,115,逐魂鸟,能耗小于等于1的攻击技能，无法对自己造成伤害。,https://lokewangguoshijie.com/pokemon/NO.178_斑枭.webp,https://wiki.biligame.com/rocom/斑枭
NO.179,草头鸭,草,Ⅰ阶,stage1,原始形态,original,92,79,24,66,50,92,得寸进尺,天气为雨天，或处于其他水系环境中时，获得双攻+100%。,https://lokewangguoshijie.com/pokemon/NO.179_草头鸭.webp,https://wiki.biligame.com/rocom/草头鸭
NO.180,卷毛鸭,草|武,最终形态,final,原始形态,original,116,98,29,83,63,115,得寸进尺,天气为雨天，或处于其他水系环境中时，获得双攻+100%。,https://lokewangguoshijie.com/pokemon/NO.180_卷毛鸭.webp,https://wiki.biligame.com/rocom/卷毛鸭
NO.181,海豹战士,武|水,Ⅰ阶,stage1,原始形态,original,72,91,87,89,62,80,身经百练,己方精灵每应对1次，自己入场时水系和武系技能威力+20%。,https://lokewangguoshijie.com/pokemon/NO.181_海豹战士.webp,https://wiki.biligame.com/rocom/海豹战士
NO.182,海豹船长,武|水,最终形态,final,原始形态,original,90,113,109,111,77,100,身经百练,己方精灵每应对1次，自己入场时水系和武系技能威力+20%。,https://lokewangguoshijie.com/pokemon/NO.182_海豹船长.webp,https://wiki.biligame.com/rocom/海豹船长
NO.183,号儿鱼,水,Ⅰ阶,stage1,原始形态,original,109,27,76,76,88,84,泛音列,使用状态技能后，敌方获得【聒噪】技能的效果，持续3回合。,https://lokewangguoshijie.com/pokemon/NO.183_号儿鱼.webp,https://wiki.biligame.com/rocom/号儿鱼
NO.184,圆号鱼,水,最终形态,final,原始形态,original,136,34,95,95,110,105,泛音列,使用状态技能后，敌方获得【聒噪】技能的效果，持续3回合。,https://lokewangguoshijie.com/pokemon/NO.184_圆号鱼.webp,https://wiki.biligame.com/rocom/圆号鱼
NO.185,甜田螺,水|萌,Ⅰ阶,stage1,原始形态,original,68,61,64,49,74,54,守护者,己方其他精灵每有1层萌化，自己入场时全技能能耗-1。,https://lokewangguoshijie.com/pokemon/NO.185_甜田螺.webp,https://wiki.biligame.com/rocom/甜田螺
NO.186,壳乙螺,水|萌,Ⅱ阶,stage2,原始形态,original,91,81,86,66,99,72,守护者,己方其他精灵每有1层萌化，自己入场时全技能能耗-1。,https://lokewangguoshijie.com/pokemon/NO.186_壳乙螺.webp,https://wiki.biligame.com/rocom/壳乙螺
NO.187,卡洛儿,水|萌,最终形态,final,原始形态,original,114,102,107,82,124,90,守护者,己方其他精灵每有1层萌化，自己入场时全技能能耗-1。,https://lokewangguoshijie.com/pokemon/NO.187_卡洛儿.webp,https://wiki.biligame.com/rocom/卡洛儿
NO.188,棋棋（白子）,武|地,Ⅰ阶,stage1,原始形态,original,72,100,36,70,56,100,腾挪,攻击技能应对1次后，回满状态，变为棋绮后。,https://lokewangguoshijie.com/pokemon/NO.188_棋棋（白子）.webp,https://wiki.biligame.com/rocom/棋棋（白子）
NO.189,棋骑士（白子）,武|地,最终形态,final,原始形态,original,90,126,45,88,69,125,腾挪,攻击技能应对1次后，回满状态，变为棋绮后。,https://lokewangguoshijie.com/pokemon/NO.189_棋骑士（白子）.webp,https://wiki.biligame.com/rocom/棋骑士（白子）
NO.190,棋齐垒（白子）,武|地,最终形态,final,原始形态,original,89,94,38,116,77,75,保卫,防御技能应对2次后，回满状态，变为棋绮后。,https://lokewangguoshijie.com/pokemon/NO.190_棋齐垒（白子）.webp,https://wiki.biligame.com/rocom/棋齐垒（白子）
NO.191,棋祈督（白子）,武|地,最终形态,final,原始形态,original,126,87,87,90,72,85,好象坏象,状态技能应对1次后，回满状态，变为棋绮后。,https://lokewangguoshijie.com/pokemon/NO.191_棋祈督（白子）.webp,https://wiki.biligame.com/rocom/棋祈督（白子）
NO.192,棋绮后（白子）,武|地,最终形态,final,原始形态,original,93,84,84,82,75,90,渗透,己方精灵每使用1次武系或地系技能，自己入场时获得攻防+5%。,https://lokewangguoshijie.com/pokemon/NO.192_棋绮后（白子）.webp,https://wiki.biligame.com/rocom/棋绮后（白子）
NO.193,奔波鼠,地,Ⅰ阶,stage1,原始形态,original,72,37,93,67,90,92,奔波命,使用防御技能后，回合结束时脱离。,https://lokewangguoshijie.com/pokemon/NO.193_奔波鼠.webp,https://wiki.biligame.com/rocom/奔波鼠
NO.194,流浪鼠,地,最终形态,final,原始形态,original,90,46,116,84,112,115,奔波命,使用防御技能后，回合结束时脱离。,https://lokewangguoshijie.com/pokemon/NO.194_流浪鼠.webp,https://wiki.biligame.com/rocom/流浪鼠
NO.195,呆小路,草|萌,Ⅰ阶,stage1,原始形态,original,52,60,64,68,79,57,营养液泡,获得增益时，额外获得层数+2。,https://lokewangguoshijie.com/pokemon/NO.195_呆小路.webp,https://wiki.biligame.com/rocom/呆小路
NO.196,舞动路路,草|萌,Ⅱ阶,stage2,原始形态,original,69,80,86,91,105,76,营养液泡,获得增益时，额外获得层数+2。,https://lokewangguoshijie.com/pokemon/NO.196_舞动路路.webp,https://wiki.biligame.com/rocom/舞动路路
NO.197,白发路路,草|萌,最终形态,final,原始形态,original,86,100,107,113,132,95,营养液泡,获得增益时，额外获得层数+2。,https://lokewangguoshijie.com/pokemon/NO.197_白发路路.webp,https://wiki.biligame.com/rocom/白发路路
NO.198,逗逗,萌,Ⅰ阶,stage1,原始形态,original,48,70,64,68,68,66,鼓气,使用能耗为3的技能时，获得攻防+20%。,https://lokewangguoshijie.com/pokemon/NO.198_逗逗.webp,https://wiki.biligame.com/rocom/逗逗
NO.199,气球猫,萌,Ⅱ阶,stage2,原始形态,original,64,93,86,90,90,88,鼓气,使用能耗为3的技能时，获得攻防+20%。,https://lokewangguoshijie.com/pokemon/NO.199_气球猫.webp,https://wiki.biligame.com/rocom/气球猫
NO.200,梦想三三,萌,最终形态,final,原始形态,original,81,117,107,113,113,110,鼓气,使用能耗为3的技能时，获得攻防+20%。,https://lokewangguoshijie.com/pokemon/NO.200_梦想三三.webp,https://wiki.biligame.com/rocom/梦想三三
NO.201,花怨鳗,地|草,Ⅰ阶,stage1,原始形态,original,232,73,73,110,90,52,铃兰晚钟,首次入场时，失去自己一半的当前生命。,https://lokewangguoshijie.com/pokemon/NO.201_花怨鳗.webp,https://wiki.biligame.com/rocom/花怨鳗
NO.202,鳗尾兽,地|草,最终形态,final,原始形态,original,290,91,91,138,113,65,铃兰晚钟,首次入场时，失去自己一半的当前生命。,https://lokewangguoshijie.com/pokemon/NO.202_鳗尾兽.webp,https://wiki.biligame.com/rocom/鳗尾兽
NO.203,伊雷龙,龙,Ⅰ阶,stage1,原始形态,original,90,73,152,55,79,72,嫉妒,蓄力状态下，可以使用任一携带技能。,https://lokewangguoshijie.com/pokemon/NO.203_伊雷龙.webp,https://wiki.biligame.com/rocom/伊雷龙
NO.204,伊兰亚龙,龙,最终形态,final,原始形态,original,112,91,190,69,99,90,嫉妒,蓄力状态下，可以使用任一携带技能。,https://lokewangguoshijie.com/pokemon/NO.204_伊兰亚龙.webp,https://wiki.biligame.com/rocom/伊兰亚龙
NO.205,拉特,电,Ⅰ阶,stage1,原始形态,original,67,80,80,62,78,100,噼啪！,入场后首次行动，所选技能使用次数+1。,https://lokewangguoshijie.com/pokemon/NO.205_拉特.webp,https://wiki.biligame.com/rocom/拉特
NO.206,酷拉,电,最终形态,final,原始形态,original,83,100,100,78,97,125,噼啪！,入场后首次行动，所选技能使用次数+1。,https://lokewangguoshijie.com/pokemon/NO.206_酷拉.webp,https://wiki.biligame.com/rocom/酷拉
NO.207,闪电环,电,Ⅰ阶,stage1,原始形态,original,64,49,49,51,50,72,防过载保护,每次行动后脱离。,https://lokewangguoshijie.com/pokemon/NO.207_闪电环.webp,https://wiki.biligame.com/rocom/闪电环
NO.208,刺电环,电,Ⅱ阶,stage2,原始形态,original,85,65,65,68,67,96,防过载保护,每次行动后脱离。,https://lokewangguoshijie.com/pokemon/NO.208_刺电环.webp,https://wiki.biligame.com/rocom/刺电环
NO.209,荆棘电环,电,最终形态,final,原始形态,original,106,81,81,85,84,120,防过载保护,每次行动后脱离。,https://lokewangguoshijie.com/pokemon/NO.209_荆棘电环.webp,https://wiki.biligame.com/rocom/荆棘电环
NO.210,小箱怪,机械|幻,Ⅰ阶,stage1,原始形态,original,111,103,103,122,122,64,虚假宝箱,自己力竭时，敌方获得攻防+20%。,https://lokewangguoshijie.com/pokemon/NO.210_小箱怪.webp,https://wiki.biligame.com/rocom/小箱怪
NO.211,迷迷箱怪,机械|幻,最终形态,final,原始形态,original,138,129,129,153,153,80,虚假宝箱,自己力竭时，敌方获得攻防+20%。,https://lokewangguoshijie.com/pokemon/NO.211_迷迷箱怪.webp,https://wiki.biligame.com/rocom/迷迷箱怪
NO.212,古钟蛇（本来的样子）,萌|毒,Ⅰ阶,stage1,原始形态,original,85,63,63,64,91,80,拨浪鼓,己方精灵每使用1次状态技能，自己入场时毒系和萌系技能威力+10。,https://lokewangguoshijie.com/pokemon/NO.212_古钟蛇（本来的样子）.webp,https://wiki.biligame.com/rocom/古钟蛇（本来的样子）
NO.213,寒音蛇（本来的样子）,萌|毒,最终形态,final,原始形态,original,106,79,79,80,114,100,拨浪鼓,己方精灵每使用1次状态技能，自己入场时毒系和萌系技能威力+10。,https://lokewangguoshijie.com/pokemon/NO.213_寒音蛇（本来的样子）.webp,https://wiki.biligame.com/rocom/寒音蛇（本来的样子）
NO.214,矮脚爬爬,虫,Ⅰ阶,stage1,原始形态,original,80,117,110,74,59,92,振奋虫心,主动击败敌方后，己方队伍获得5次随机奉献。,https://lokewangguoshijie.com/pokemon/NO.214_矮脚爬爬.webp,https://wiki.biligame.com/rocom/矮脚爬爬
NO.215,恶魔红钻,虫|恶,最终形态,final,原始形态,original,100,147,137,93,74,115,振奋虫心,主动击败敌方后，己方队伍获得5次随机奉献。,https://lokewangguoshijie.com/pokemon/NO.215_恶魔红钻.webp,https://wiki.biligame.com/rocom/恶魔红钻
NO.216,火尾瓦特,火,Ⅰ阶,stage1,原始形态,original,68,54,15,71,56,39,蒸汽膨胀,己方精灵每使用1次火系技能，自己入场时获得全技能威力+10。,https://lokewangguoshijie.com/pokemon/NO.216_火尾瓦特.webp,https://wiki.biligame.com/rocom/火尾瓦特
NO.217,火尾战士,火,Ⅱ阶,stage2,原始形态,original,90,72,20,94,74,52,蒸汽膨胀,己方精灵每使用1次火系技能，自己入场时获得全技能威力+10。,https://lokewangguoshijie.com/pokemon/NO.217_火尾战士.webp,https://wiki.biligame.com/rocom/火尾战士
NO.218,烈火守护,火,最终形态,final,原始形态,original,113,90,25,118,93,65,蒸汽膨胀,己方精灵每使用1次火系技能，自己入场时获得全技能威力+10。,https://lokewangguoshijie.com/pokemon/NO.218_烈火守护.webp,https://wiki.biligame.com/rocom/烈火守护
NO.219,里拉鳐,水,最终形态,final,原始形态,original,118,82,89,103,147,105,吟游之弦,赋予的印记不会替换其他印记，而是同时生效。,https://lokewangguoshijie.com/pokemon/NO.219_里拉鳐.webp,https://wiki.biligame.com/rocom/里拉鳐
NO.220,海枝枝（碧蓝珊瑚）,水|幽,最终形态,final,原始形态,original,78,58,148,96,120,110,珊瑚骨,敌方精灵离场时，自己获得全技能能耗-3。,https://lokewangguoshijie.com/pokemon/NO.220_海枝枝（碧蓝珊瑚）.webp,https://wiki.biligame.com/rocom/海枝枝（碧蓝珊瑚）
NO.221,多西,机械|地,Ⅰ阶,stage1,原始形态,original,64,73,26,82,70,30,定向精炼,己方精灵每使用1次防御技能，自己入场时机械系和地面系技能威力+10%。,https://lokewangguoshijie.com/pokemon/NO.221_多西.webp,https://wiki.biligame.com/rocom/多西
NO.222,库多西,地,Ⅱ阶,stage2,原始形态,original,85,98,34,109,93,40,定向精炼,己方精灵每使用1次防御技能，自己入场时机械系和地面系技能威力+10%。,https://lokewangguoshijie.com/pokemon/NO.222_库多西.webp,https://wiki.biligame.com/rocom/库多西
NO.223,波多西,机械|地,最终形态,final,原始形态,original,106,122,43,136,116,50,定向精炼,己方精灵每使用1次防御技能，自己入场时机械系和地面系技能威力+10%。,https://lokewangguoshijie.com/pokemon/NO.223_波多西.webp,https://wiki.biligame.com/rocom/波多西
NO.224,小翼龙,龙|翼,Ⅰ阶,stage1,原始形态,original,66,91,24,73,63,92,暴食,携带的龙系技能获得迅捷。,https://lokewangguoshijie.com/pokemon/NO.224_小翼龙.webp,https://wiki.biligame.com/rocom/小翼龙
NO.225,翼龙,龙|翼,最终形态,final,原始形态,original,83,114,31,91,79,115,暴食,携带的龙系技能获得迅捷。,https://lokewangguoshijie.com/pokemon/NO.225_翼龙.webp,https://wiki.biligame.com/rocom/翼龙
NO.226,电动长颈鹿,电,Ⅰ阶,stage1,原始形态,original,55,59,20,65,47,72,蓄电池,每入场1次，永久获得双攻+20%。,https://lokewangguoshijie.com/pokemon/NO.226_电动长颈鹿.webp,https://wiki.biligame.com/rocom/电动长颈鹿
NO.227,奔乐鹿,电,Ⅱ阶,stage2,原始形态,original,73,79,27,86,63,96,蓄电池,每入场1次，永久获得双攻+20%。,https://lokewangguoshijie.com/pokemon/NO.227_奔乐鹿.webp,https://wiki.biligame.com/rocom/奔乐鹿
NO.228,爵士鹿,电,最终形态,final,原始形态,original,92,99,34,108,79,120,蓄电池,每入场1次，永久获得双攻+20%。,https://lokewangguoshijie.com/pokemon/NO.228_爵士鹿.webp,https://wiki.biligame.com/rocom/爵士鹿
NO.229,缇塔,机械,Ⅰ阶,stage1,原始形态,original,73,99,38,98,74,72,向心力,1号位和2号位技能获得传动1和威力+30。,https://lokewangguoshijie.com/pokemon/NO.229_缇塔.webp,https://wiki.biligame.com/rocom/缇塔
NO.230,声波缇塔,机械,最终形态,final,原始形态,original,92,124,48,122,92,90,向心力,1号位和2号位技能获得传动1和威力+30。,https://lokewangguoshijie.com/pokemon/NO.230_声波缇塔.webp,https://wiki.biligame.com/rocom/声波缇塔
NO.231,小鹬,翼,Ⅰ阶,stage1,原始形态,original,56,38,38,67,52,69,起飞加速,本场战斗首次使用的技能获得迅捷。,https://lokewangguoshijie.com/pokemon/NO.231_小鹬.webp,https://wiki.biligame.com/rocom/小鹬
NO.232,鄙目鹬,翼,Ⅱ阶,stage2,原始形态,original,75,51,51,90,70,92,起飞加速,本场战斗首次使用的技能获得迅捷。,https://lokewangguoshijie.com/pokemon/NO.232_鄙目鹬.webp,https://wiki.biligame.com/rocom/鄙目鹬
NO.233,高脚鹬,翼,最终形态,final,原始形态,original,94,63,63,112,87,115,起飞加速,本场战斗首次使用的技能获得迅捷。,https://lokewangguoshijie.com/pokemon/NO.233_高脚鹬.webp,https://wiki.biligame.com/rocom/高脚鹬
NO.234,脆筒甜甜,冰,Ⅰ阶,stage1,原始形态,original,72,67,72,42,55,60,加个雪球,使敌方获得冻结时，也会使其获得2层冻结。,https://lokewangguoshijie.com/pokemon/NO.234_脆筒甜甜.webp,https://wiki.biligame.com/rocom/脆筒甜甜
NO.235,香草甜甜,冰,Ⅱ阶,stage2,原始形态,original,96,90,95,56,74,80,加个雪球,使敌方获得冻结时，也会使其获得2层冻结。,https://lokewangguoshijie.com/pokemon/NO.235_香草甜甜.webp,https://wiki.biligame.com/rocom/香草甜甜
NO.236,圣代甜甜,冰,最终形态,final,原始形态,original,119,112,119,70,92,100,加个雪球,使敌方获得冻结时，也会使其获得2层冻结。,https://lokewangguoshijie.com/pokemon/NO.236_圣代甜甜.webp,https://wiki.biligame.com/rocom/圣代甜甜
NO.237,刺轮砣（上弦的样子）,毒|萌,Ⅰ阶,stage1,原始形态,original,100,80,78,80,65,84,耐活王,敌方受到中毒效果伤害时，自己回复等量生命。,https://lokewangguoshijie.com/pokemon/NO.237_刺轮砣（上弦的样子）.webp,https://wiki.biligame.com/rocom/刺轮砣（上弦的样子）
NO.238,月亮砣（上弦的样子）,毒|萌,最终形态,final,原始形态,original,125,100,98,100,81,105,耐活王,敌方受到中毒效果伤害时，自己回复等量生命。,https://lokewangguoshijie.com/pokemon/NO.238_月亮砣（上弦的样子）.webp,https://wiki.biligame.com/rocom/月亮砣（上弦的样子）
NO.239,豆丁鱼,水|龙,Ⅰ阶,stage1,原始形态,original,45,70,74,67,70,75,洄游,每次进入蓄力状态，获得全技能能耗永久-1。,https://lokewangguoshijie.com/pokemon/NO.239_豆丁鱼.webp,https://wiki.biligame.com/rocom/豆丁鱼
NO.240,快鳍鱼,水|龙,Ⅱ阶,stage2,原始形态,original,60,93,99,89,93,100,洄游,每次进入蓄力状态，获得全技能能耗永久-1。,https://lokewangguoshijie.com/pokemon/NO.240_快鳍鱼.webp,https://wiki.biligame.com/rocom/快鳍鱼
NO.241,龙鱼,水|龙,最终形态,final,原始形态,original,75,116,123,112,116,125,洄游,每次进入蓄力状态，获得全技能能耗永久-1。,https://lokewangguoshijie.com/pokemon/NO.241_龙鱼.webp,https://wiki.biligame.com/rocom/龙鱼
NO.242,胆小鳗鱼,电|水,Ⅰ阶,stage1,原始形态,original,68,92,92,83,90,92,生物电,携带的电系技能获得迸发：能耗-2。,https://lokewangguoshijie.com/pokemon/NO.242_胆小鳗鱼.webp,https://wiki.biligame.com/rocom/胆小鳗鱼
NO.243,闪电鳗鱼,电|水,最终形态,final,原始形态,original,85,115,115,104,112,115,生物电,携带的电系技能获得迸发：能耗-2。,https://lokewangguoshijie.com/pokemon/NO.243_闪电鳗鱼.webp,https://wiki.biligame.com/rocom/闪电鳗鱼
NO.244,翡翠水母,水|毒,Ⅰ阶,stage1,原始形态,original,108,30,68,75,109,76,扩散侵蚀,使用水系技能后，敌方获得中毒，获得层数等于中毒印记层数的2倍。,https://lokewangguoshijie.com/pokemon/NO.244_翡翠水母.webp,https://wiki.biligame.com/rocom/翡翠水母
NO.245,琉璃水母,水|毒,最终形态,final,原始形态,original,134,37,85,93,136,95,扩散侵蚀,使用水系技能后，敌方获得中毒，获得层数等于中毒印记层数的2倍。,https://lokewangguoshijie.com/pokemon/NO.245_琉璃水母.webp,https://wiki.biligame.com/rocom/琉璃水母
NO.246,裘洛,毒,Ⅰ阶,stage1,原始形态,original,44,56,50,39,48,75,蚀刻,回合结束时，敌方每2层中毒转化为1层中毒印记。,https://lokewangguoshijie.com/pokemon/NO.246_裘洛.webp,https://wiki.biligame.com/rocom/裘洛
NO.247,裘力,毒,Ⅱ阶,stage2,原始形态,original,59,74,67,52,64,100,蚀刻,回合结束时，敌方每2层中毒转化为1层中毒印记。,https://lokewangguoshijie.com/pokemon/NO.247_裘力.webp,https://wiki.biligame.com/rocom/裘力
NO.248,裘卡,毒,最终形态,final,原始形态,original,73,93,83,65,81,125,蚀刻,回合结束时，敌方每2层中毒转化为1层中毒印记。,https://lokewangguoshijie.com/pokemon/NO.248_裘卡.webp,https://wiki.biligame.com/rocom/裘卡
NO.249,可爱猿,火,Ⅰ阶,stage1,原始形态,original,100,97,43,86,67,36,散热,初始能量为0，入场前己方精灵每放1次火系技能，回复3能量。,https://lokewangguoshijie.com/pokemon/NO.249_可爱猿.webp,https://wiki.biligame.com/rocom/可爱猿
NO.250,炽热猿,火,Ⅱ阶,stage2,原始形态,original,133,130,57,115,89,48,散热,初始能量为0，入场前己方精灵每放1次火系技能，回复3能量。,https://lokewangguoshijie.com/pokemon/NO.250_炽热猿.webp,https://wiki.biligame.com/rocom/炽热猿
NO.251,火焰猿,火,最终形态,final,原始形态,original,167,162,72,143,111,60,散热,初始能量为0，入场前己方精灵每放1次火系技能，回复3能量。,https://lokewangguoshijie.com/pokemon/NO.251_火焰猿.webp,https://wiki.biligame.com/rocom/火焰猿
NO.252,布鲁斯,冰,Ⅰ阶,stage1,原始形态,original,44,60,16,68,53,54,冰钻,敌方携带技能总能耗每有1点，自己攻击时威力+10%。,https://lokewangguoshijie.com/pokemon/NO.252_布鲁斯.webp,https://wiki.biligame.com/rocom/布鲁斯
NO.253,雪顶布鲁斯,冰,Ⅱ阶,stage2,原始形态,original,58,81,22,91,70,72,冰钻,敌方携带技能总能耗每有1点，自己攻击时威力+10%。,https://lokewangguoshijie.com/pokemon/NO.253_雪顶布鲁斯.webp,https://wiki.biligame.com/rocom/雪顶布鲁斯
NO.254,冰钻布鲁斯,冰,最终形态,final,原始形态,original,73,101,27,114,88,90,冰钻,敌方携带技能总能耗每有1点，自己攻击时威力+10%。,https://lokewangguoshijie.com/pokemon/NO.254_冰钻布鲁斯.webp,https://wiki.biligame.com/rocom/冰钻布鲁斯
NO.255,治愈兔,火|萌,Ⅰ阶,stage1,原始形态,original,67,28,73,60,76,54,仁心,敌方受到灼烧伤害时，自己回复等量生命。,https://lokewangguoshijie.com/pokemon/NO.255_治愈兔.webp,https://wiki.biligame.com/rocom/治愈兔
NO.256,红丝绒,火|萌,Ⅱ阶,stage2,原始形态,original,90,38,98,80,101,72,仁心,敌方受到灼烧伤害时，自己回复等量生命。,https://lokewangguoshijie.com/pokemon/NO.256_红丝绒.webp,https://wiki.biligame.com/rocom/红丝绒
NO.257,红绒十字,火|萌,最终形态,final,原始形态,original,112,47,122,100,127,90,仁心,敌方受到灼烧伤害时，自己回复等量生命。,https://lokewangguoshijie.com/pokemon/NO.257_红绒十字.webp,https://wiki.biligame.com/rocom/红绒十字
NO.258,乌达（极昼的样子）,恶|火,Ⅰ阶,stage1,原始形态,original,80,95,49,70,42,33,恶魔的晚宴,主动击败敌方精灵时，自己获得双攻+50%。,https://lokewangguoshijie.com/pokemon/NO.258_乌达（极昼的样子）.webp,https://wiki.biligame.com/rocom/乌达（极昼的样子）
NO.259,迷你乌（极昼的样子）,恶|火,Ⅱ阶,stage2,原始形态,original,107,126,66,93,56,44,恶魔的晚宴,主动击败敌方精灵时，自己获得双攻+50%。,https://lokewangguoshijie.com/pokemon/NO.259_迷你乌（极昼的样子）.webp,https://wiki.biligame.com/rocom/迷你乌（极昼的样子）
NO.260,乌拉塔（极昼的样子）,恶|火,最终形态,final,原始形态,original,134,158,82,116,70,55,恶魔的晚宴,主动击败敌方精灵时，自己获得双攻+50%。,https://lokewangguoshijie.com/pokemon/NO.260_乌拉塔（极昼的样子）.webp,https://wiki.biligame.com/rocom/乌拉塔（极昼的样子）
NO.261,螺旋帕帕,机械|翼,Ⅰ阶,stage1,原始形态,original,88,55,8,79,67,80,翼轴,1号位技能获得迅捷和传动1。,https://lokewangguoshijie.com/pokemon/NO.261_螺旋帕帕.webp,https://wiki.biligame.com/rocom/螺旋帕帕
NO.262,帕帕斯卡,机械|翼,最终形态,final,原始形态,original,110,68,10,99,84,100,翼轴,1号位技能获得迅捷和传动1。,https://lokewangguoshijie.com/pokemon/NO.262_帕帕斯卡.webp,https://wiki.biligame.com/rocom/帕帕斯卡
NO.263,机械方方,机械,Ⅰ阶,stage1,原始形态,original,62,81,32,76,60,51,盲拧,回合开始时，技能顺序打乱，4号位的技能能耗-4。,https://lokewangguoshijie.com/pokemon/NO.263_机械方方.webp,https://wiki.biligame.com/rocom/机械方方
NO.264,多彩方方,机械,Ⅱ阶,stage2,原始形态,original,82,108,43,101,80,68,盲拧,回合开始时，技能顺序打乱，4号位的技能能耗-4。,https://lokewangguoshijie.com/pokemon/NO.264_多彩方方.webp,https://wiki.biligame.com/rocom/多彩方方
NO.265,立方人,机械,最终形态,final,原始形态,original,103,135,54,127,101,85,盲拧,回合开始时，技能顺序打乱，4号位的技能能耗-4。,https://lokewangguoshijie.com/pokemon/NO.265_立方人.webp,https://wiki.biligame.com/rocom/立方人
NO.266,可立鸡,火,Ⅰ阶,stage1,原始形态,original,65,79,79,55,52,66,指挥家,应对成功后，永久获得双攻+20%。,https://lokewangguoshijie.com/pokemon/NO.266_可立鸡.webp,https://wiki.biligame.com/rocom/可立鸡
NO.267,晕晕鸡,火,Ⅱ阶,stage2,原始形态,original,86,106,106,74,70,88,指挥家,应对成功后，永久获得双攻+20%。,https://lokewangguoshijie.com/pokemon/NO.267_晕晕鸡.webp,https://wiki.biligame.com/rocom/晕晕鸡
NO.268,绅士鸡,火|武,最终形态,final,原始形态,original,108,132,132,92,87,110,指挥家,应对成功后，永久获得双攻+20%。,https://lokewangguoshijie.com/pokemon/NO.268_绅士鸡.webp,https://wiki.biligame.com/rocom/绅士鸡
NO.269,武者鸡,火|武,最终形态,final,原始形态,original,121,144,58,92,70,95,斗技,应对成功后，获得全技能威力永久+20。,https://lokewangguoshijie.com/pokemon/NO.269_武者鸡.webp,https://wiki.biligame.com/rocom/武者鸡
NO.270,优优,地|光,Ⅰ阶,stage1,原始形态,original,81,35,89,84,104,92,哨兵,回合开始时若敌方技能足够击败自己，自己获得速度+50，行动后脱离。,https://lokewangguoshijie.com/pokemon/NO.270_优优.webp,https://wiki.biligame.com/rocom/优优
NO.271,绒光优优,地|光,最终形态,final,原始形态,original,101,43,111,105,130,115,哨兵,回合开始时若敌方技能足够击败自己，自己获得速度+50，行动后脱离。,https://lokewangguoshijie.com/pokemon/NO.271_绒光优优.webp,https://wiki.biligame.com/rocom/绒光优优
NO.272,噼啪鸟,电|翼,最终形态,final,原始形态,original,78,116,109,85,85,145,连续负荷,自己技能的迸发效果延长1回合。,https://lokewangguoshijie.com/pokemon/NO.272_噼啪鸟.webp,https://wiki.biligame.com/rocom/噼啪鸟
NO.273,深蓝鲸,水,最终形态,final,原始形态,original,129,40,115,119,135,50,倾轧,携带的技能受能耗变化效果的影响翻倍。,https://lokewangguoshijie.com/pokemon/NO.273_深蓝鲸.webp,https://wiki.biligame.com/rocom/深蓝鲸
NO.274,格兰种子,草,Ⅰ阶,stage1,原始形态,original,65,31,74,48,67,36,生长,回合结束时，回复12%生命。,https://lokewangguoshijie.com/pokemon/NO.274_格兰种子.webp,https://wiki.biligame.com/rocom/格兰种子
NO.275,格兰花,草,Ⅱ阶,stage2,原始形态,original,86,42,99,64,90,48,生长,回合结束时，回复12%生命。,https://lokewangguoshijie.com/pokemon/NO.275_格兰花.webp,https://wiki.biligame.com/rocom/格兰花
NO.276,格兰球,草,最终形态,final,原始形态,original,108,52,124,80,112,60,生长,回合结束时，回复12%生命。,https://lokewangguoshijie.com/pokemon/NO.276_格兰球.webp,https://wiki.biligame.com/rocom/格兰球
NO.277,地鼠（枯水期的样子）,地,Ⅰ阶,stage1,原始形态,original,66,71,31,61,42,66,警惕,回合结束时，若自己能量为0则脱离。,https://lokewangguoshijie.com/pokemon/NO.277_地鼠（枯水期的样子）.webp,https://wiki.biligame.com/rocom/地鼠（枯水期的样子）
NO.278,遁鼠（枯水期的样子）,地,Ⅱ阶,stage2,原始形态,original,88,95,41,82,56,88,警惕,回合结束时，若自己能量为0则脱离。,https://lokewangguoshijie.com/pokemon/NO.278_遁鼠（枯水期的样子）.webp,https://wiki.biligame.com/rocom/遁鼠（枯水期的样子）
NO.279,遁地鼠（枯水期的样子）,地,最终形态,final,原始形态,original,110,119,51,102,70,110,警惕,回合结束时，若自己能量为0则脱离。,https://lokewangguoshijie.com/pokemon/NO.279_遁地鼠（枯水期的样子）.webp,https://wiki.biligame.com/rocom/遁地鼠（枯水期的样子）
NO.280,墨鱿士,幽,Ⅰ阶,stage1,原始形态,original,103,84,34,105,79,56,涂鸦,使用非本系技能时威力+50%。,https://lokewangguoshijie.com/pokemon/NO.280_墨鱿士.webp,https://wiki.biligame.com/rocom/墨鱿士
NO.281,混乱鱿彩,幽|恶,Ⅱ阶,stage2,原始形态,original,129,105,42,131,99,70,涂鸦,使用非本系技能时威力+50%。,https://lokewangguoshijie.com/pokemon/NO.281_混乱鱿彩.webp,https://wiki.biligame.com/rocom/混乱鱿彩
NO.282,秩序鱿墨,幽|萌,Ⅱ阶,stage2,原始形态,original,78,120,39,124,113,130,绝对秩序,受到非敌方系别的技能攻击时伤害-50%。,https://lokewangguoshijie.com/pokemon/NO.282_秩序鱿墨.webp,https://wiki.biligame.com/rocom/秩序鱿墨
NO.283,小甲虫,虫,Ⅰ阶,stage1,原始形态,original,98,71,31,97,61,60,坚韧铠甲,每受到1次攻击伤害，己方队伍获得1次随机奉献。,https://lokewangguoshijie.com/pokemon/NO.283_小甲虫.webp,https://wiki.biligame.com/rocom/小甲虫
NO.284,铠甲虫,虫,最终形态,final,原始形态,original,122,88,39,121,77,75,坚韧铠甲,每受到1次攻击伤害，己方队伍获得1次随机奉献。,https://lokewangguoshijie.com/pokemon/NO.284_铠甲虫.webp,https://wiki.biligame.com/rocom/铠甲虫
NO.285,圣剑侍从,机械,Ⅰ阶,stage1,原始形态,original,139,116,111,139,139,52,正位宝剑,仅可以使用1号位技能。,https://lokewangguoshijie.com/pokemon/NO.285_圣剑侍从.webp,https://wiki.biligame.com/rocom/圣剑侍从
NO.286,圣剑-X,机械,最终形态,final,原始形态,original,174,144,139,173,173,65,正位宝剑,仅可以使用1号位技能。,https://lokewangguoshijie.com/pokemon/NO.286_圣剑-X.webp,https://wiki.biligame.com/rocom/圣剑-X
NO.287,吸泥鸥,地|翼,Ⅰ阶,stage1,原始形态,original,99,89,33,87,71,76,无差别过滤,在场时，所有精灵连击数固定为2。,https://lokewangguoshijie.com/pokemon/NO.287_吸泥鸥.webp,https://wiki.biligame.com/rocom/吸泥鸥
NO.288,泥吼牙,地|翼,最终形态,final,原始形态,original,124,112,41,109,88,95,无差别过滤,在场时，所有精灵连击数固定为2。,https://lokewangguoshijie.com/pokemon/NO.288_泥吼牙.webp,https://wiki.biligame.com/rocom/泥吼牙
NO.289,大头骨龙,龙|幽,Ⅰ阶,stage1,原始形态,original,74,93,33,69,52,68,不朽,力竭3回合后复活。,https://lokewangguoshijie.com/pokemon/NO.289_大头骨龙.webp,https://wiki.biligame.com/rocom/大头骨龙
NO.290,寂灭骨龙,龙|幽,最终形态,final,原始形态,original,92,116,41,87,65,85,不朽,力竭3回合后复活。,https://lokewangguoshijie.com/pokemon/NO.290_寂灭骨龙.webp,https://wiki.biligame.com/rocom/寂灭骨龙
NO.291,厉毒小萝,毒|恶,Ⅰ阶,stage1,原始形态,original,67,64,17,81,59,108,侵蚀,敌方每有1层中毒效果，自己获得连击数+1。,https://lokewangguoshijie.com/pokemon/NO.291_厉毒小萝.webp,https://wiki.biligame.com/rocom/厉毒小萝
NO.292,厉毒修萝,毒|恶,最终形态,final,原始形态,original,84,80,21,101,74,135,侵蚀,敌方每有1层中毒效果，自己获得连击数+1。,https://lokewangguoshijie.com/pokemon/NO.292_厉毒修萝.webp,https://wiki.biligame.com/rocom/厉毒修萝
NO.293,小帕尔,恶,Ⅰ阶,stage1,原始形态,original,78,76,34,79,52,60,付给恶魔的赎价,击败敌方精灵时，敌方额外损失1点魔力。被敌方精灵击败时，自己额外损失1点魔力。,https://lokewangguoshijie.com/pokemon/NO.293_小帕尔.webp,https://wiki.biligame.com/rocom/小帕尔
NO.294,帕尔萨斯,恶,Ⅱ阶,stage2,原始形态,original,104,102,46,105,70,80,付给恶魔的赎价,击败敌方精灵时，敌方额外损失1点魔力。被敌方精灵击败时，自己额外损失1点魔力。,https://lokewangguoshijie.com/pokemon/NO.294_帕尔萨斯.webp,https://wiki.biligame.com/rocom/帕尔萨斯
NO.295,龙息帕尔,恶,最终形态,final,原始形态,original,130,127,57,131,87,100,付给恶魔的赎价,击败敌方精灵时，敌方额外损失1点魔力。被敌方精灵击败时，自己额外损失1点魔力。,https://lokewangguoshijie.com/pokemon/NO.295_龙息帕尔.webp,https://wiki.biligame.com/rocom/龙息帕尔
NO.296,毛头小蛛,虫|地,Ⅰ阶,stage1,原始形态,original,85,80,27,93,79,88,扫拖一体,回合结束时驱散敌方1层印记，且驱散后己方队伍获得1次随机奉献。,https://lokewangguoshijie.com/pokemon/NO.296_毛头小蛛.webp,https://wiki.biligame.com/rocom/毛头小蛛
NO.297,捕尘长绒,虫|地,Ⅱ阶,stage2,原始形态,original,106,100,34,116,99,110,扫拖一体,回合结束时驱散敌方1层印记，且驱散后己方队伍获得1次随机奉献。,https://lokewangguoshijie.com/pokemon/NO.297_捕尘长绒.webp,https://wiki.biligame.com/rocom/捕尘长绒
NO.298,食尘短绒,虫|地,Ⅱ阶,stage2,原始形态,original,109,105,37,113,97,115,特殊清洁场景,回合结束时偷取敌方1层印记。,https://lokewangguoshijie.com/pokemon/NO.298_食尘短绒.webp,https://wiki.biligame.com/rocom/食尘短绒
NO.299,画精灵,普通,Ⅰ阶,stage1,原始形态,original,61,32,78,56,72,72,灰色肖像,攻击会使敌方已有的减益层数+3。,https://lokewangguoshijie.com/pokemon/NO.299_画精灵.webp,https://wiki.biligame.com/rocom/画精灵
NO.300,画像守护,普通,Ⅱ阶,stage2,原始形态,original,81,42,104,75,96,96,灰色肖像,攻击会使敌方已有的减益层数+3。,https://lokewangguoshijie.com/pokemon/NO.300_画像守护.webp,https://wiki.biligame.com/rocom/画像守护
NO.301,画间法师手,普通|幻,最终形态,final,原始形态,original,101,53,131,94,120,120,灰色肖像,攻击会使敌方已有的减益层数+3。,https://lokewangguoshijie.com/pokemon/NO.301_画间法师手.webp,https://wiki.biligame.com/rocom/画间法师手
NO.302,画间沉铁兽,普通|武,最终形态,final,原始形态,original,100,160,67,100,76,105,变形活画,攻击时，敌方每有1层增益，本次技能威力+10%。,https://lokewangguoshijie.com/pokemon/NO.302_画间沉铁兽.webp,https://wiki.biligame.com/rocom/画间沉铁兽
NO.303,书魔虫,普通,Ⅰ阶,stage1,原始形态,original,67,75,75,48,73,57,图书守卫者,入场时，若自己魔力值为1，自己获得双攻+50%。,https://lokewangguoshijie.com/pokemon/NO.303_书魔虫.webp,https://wiki.biligame.com/rocom/书魔虫
NO.304,书卷守护,普通,Ⅱ阶,stage2,原始形态,original,89,100,100,64,98,76,图书守卫者,入场时，若自己魔力值为1，自己获得双攻+50%。,https://lokewangguoshijie.com/pokemon/NO.304_书卷守护.webp,https://wiki.biligame.com/rocom/书卷守护
NO.305,古卷执政官,普通|幻,最终形态,final,原始形态,original,111,125,125,80,122,95,图书守卫者,入场时，若自己魔力值为1，自己获得双攻+50%。,https://lokewangguoshijie.com/pokemon/NO.305_古卷执政官.webp,https://wiki.biligame.com/rocom/古卷执政官
NO.306,古卷匣魔像,普通|武,最终形态,final,原始形态,original,114,109,109,134,89,95,构装契约者,入场时，若敌方魔力值为1，自己获得双防+50%。,https://lokewangguoshijie.com/pokemon/NO.306_古卷匣魔像.webp,https://wiki.biligame.com/rocom/古卷匣魔像
NO.307,绒绒,光|虫,Ⅰ阶,stage1,原始形态,original,58,42,44,49,80,69,绒粉星光,攻击时，若敌方血脉是非本系的系别血脉，技能威力+100%。,https://lokewangguoshijie.com/pokemon/NO.307_绒绒.webp,https://wiki.biligame.com/rocom/绒绒
NO.308,小绒茧,光|虫,Ⅱ阶,stage2,原始形态,original,77,56,58,65,106,92,绒粉星光,攻击时，若敌方血脉是非本系的系别血脉，技能威力+100%。,https://lokewangguoshijie.com/pokemon/NO.308_小绒茧.webp,https://wiki.biligame.com/rocom/小绒茧
NO.309,绒仙子,光|虫,最终形态,final,原始形态,original,96,71,73,81,133,115,绒粉星光,攻击时，若敌方血脉是非本系的系别血脉，技能威力+100%。,https://lokewangguoshijie.com/pokemon/NO.309_绒仙子.webp,https://wiki.biligame.com/rocom/绒仙子
NO.310,犀角鸟,光,Ⅰ阶,stage1,原始形态,original,63,88,40,67,44,66,月光审判,攻击时，若敌方血脉是首领血脉，技能威力+100%。,https://lokewangguoshijie.com/pokemon/NO.310_犀角鸟.webp,https://wiki.biligame.com/rocom/犀角鸟
NO.311,光纤兽,光,Ⅱ阶,stage2,原始形态,original,83,117,54,90,58,88,月光审判,攻击时，若敌方血脉是首领血脉，技能威力+100%。,https://lokewangguoshijie.com/pokemon/NO.311_光纤兽.webp,https://wiki.biligame.com/rocom/光纤兽
NO.312,疾光千兽,光,最终形态,final,原始形态,original,104,146,67,112,73,110,月光审判,攻击时，若敌方血脉是首领血脉，技能威力+100%。,https://lokewangguoshijie.com/pokemon/NO.312_疾光千兽.webp,https://wiki.biligame.com/rocom/疾光千兽
NO.313,果冻,水,Ⅰ阶,stage1,原始形态,original,81,26,81,75,78,96,茶多酚,离场后，更换入场的精灵回复20%生命且免疫寄生。,https://lokewangguoshijie.com/pokemon/NO.313_果冻.webp,https://wiki.biligame.com/rocom/果冻
NO.314,抹茶布丁,水|草,最终形态,final,原始形态,original,101,32,101,94,98,120,茶多酚,离场后，更换入场的精灵回复20%生命且免疫寄生。,https://lokewangguoshijie.com/pokemon/NO.314_抹茶布丁.webp,https://wiki.biligame.com/rocom/抹茶布丁
NO.315,椰浆布丁,水|冰,最终形态,final,原始形态,original,133,34,89,81,105,120,吉利丁片,离场后，更换入场的精灵获得双防+20%且免疫冻结。,https://lokewangguoshijie.com/pokemon/NO.315_椰浆布丁.webp,https://wiki.biligame.com/rocom/椰浆布丁
NO.316,熔岩布丁,水|火,最终形态,final,原始形态,original,128,87,33,112,84,120,美拉德反应,离场后，更换入场的精灵获得双攻+20%且免疫灼烧。,https://lokewangguoshijie.com/pokemon/NO.316_熔岩布丁.webp,https://wiki.biligame.com/rocom/熔岩布丁
NO.317,星尘虫,虫,Ⅰ阶,stage1,原始形态,original,49,47,47,46,58,60,契约的形状,根据捕捉所用的咕噜球，入场时获得不同效果。,https://lokewangguoshijie.com/pokemon/NO.317_星尘虫.webp,https://wiki.biligame.com/rocom/星尘虫
NO.318,落星虫,虫,Ⅱ阶,stage2,原始形态,original,65,62,62,61,77,80,契约的形状,根据捕捉所用的咕噜球，入场时获得不同效果。,https://lokewangguoshijie.com/pokemon/NO.318_落星虫.webp,https://wiki.biligame.com/rocom/落星虫
NO.319,陨星虫,虫,最终形态,final,原始形态,original,81,78,78,76,96,100,契约的形状,根据捕捉所用的咕噜球，入场时获得不同效果。,https://lokewangguoshijie.com/pokemon/NO.319_陨星虫.webp,https://wiki.biligame.com/rocom/陨星虫
NO.320,双灯鱼,水|电,Ⅰ阶,stage1,原始形态,original,102,55,111,57,93,84,对流,自己的能耗增加变为能耗降低；能耗降低变为能耗增加。,https://lokewangguoshijie.com/pokemon/NO.320_双灯鱼.webp,https://wiki.biligame.com/rocom/双灯鱼
NO.321,利灯鱼,水|电,最终形态,final,原始形态,original,128,68,138,71,116,105,对流,自己的能耗增加变为能耗降低；能耗降低变为能耗增加。,https://lokewangguoshijie.com/pokemon/NO.321_利灯鱼.webp,https://wiki.biligame.com/rocom/利灯鱼
NO.322,月牙雪熊,冰|幻,最终形态,final,原始形态,original,126,97,39,141,103,80,月牙雪糕,使用攻击技能时，敌方每层冻结视为1层额外星陨印记。,https://lokewangguoshijie.com/pokemon/NO.322_月牙雪熊.webp,https://wiki.biligame.com/rocom/月牙雪熊
NO.323,嗜光嗡嗡,恶|光,Ⅰ阶,stage1,原始形态,original,75,83,83,50,90,92,血型吸引,敌方每携带1种系别的技能，自己攻击时威力+10。,https://lokewangguoshijie.com/pokemon/NO.323_嗜光嗡嗡.webp,https://wiki.biligame.com/rocom/嗜光嗡嗡
NO.324,窃光蚊,恶|光,最终形态,final,原始形态,original,93,104,104,63,113,115,血型吸引,敌方每携带1种系别的技能，自己攻击时威力+10。,https://lokewangguoshijie.com/pokemon/NO.324_窃光蚊.webp,https://wiki.biligame.com/rocom/窃光蚊
NO.325,柴渣虫,火|草,Ⅰ阶,stage1,原始形态,original,108,96,38,82,58,80,煤渣草,在场时，所有灼烧的衰减变为增长。,https://lokewangguoshijie.com/pokemon/NO.325_柴渣虫.webp,https://wiki.biligame.com/rocom/柴渣虫
NO.326,燃薪虫,火|草,最终形态,final,原始形态,original,135,120,48,103,73,100,煤渣草,在场时，所有灼烧的衰减变为增长。,https://lokewangguoshijie.com/pokemon/NO.326_燃薪虫.webp,https://wiki.biligame.com/rocom/燃薪虫
NO.327,空空颅,幽,Ⅰ阶,stage1,原始形态,original,70,7,37,57,64,48,搜刮,敌方每使用1次【聚能】技能或更换精灵，自己入场时获得魔攻+20%。,https://lokewangguoshijie.com/pokemon/NO.327_空空颅.webp,https://wiki.biligame.com/rocom/空空颅
NO.328,夜宿颅,幽,Ⅱ阶,stage2,原始形态,original,94,9,49,72,85,64,搜刮,敌方每使用1次【聚能】技能或更换精灵，自己入场时获得魔攻+20%。,https://lokewangguoshijie.com/pokemon/NO.328_夜宿颅.webp,https://wiki.biligame.com/rocom/夜宿颅
NO.329,夜枭,幽,最终形态,final,原始形态,original,117,10,61,90,106,80,搜刮,敌方每使用1次【聚能】技能或更换精灵，自己入场时获得魔攻+20%。,https://lokewangguoshijie.com/pokemon/NO.329_夜枭.webp,https://wiki.biligame.com/rocom/夜枭
NO.330,粉粉星,电|幻,Ⅰ阶,stage1,原始形态,original,93,54,102,57,101,88,星地善良,回合结束时，若场上的己方精灵能量等于0，自己立即替换此精灵。,https://lokewangguoshijie.com/pokemon/NO.330_粉粉星.webp,https://wiki.biligame.com/rocom/粉粉星
NO.331,小皮球,电|幻,最终形态,final,原始形态,original,116,68,127,71,126,110,星地善良,回合结束时，若场上的己方精灵能量等于0，自己立即替换此精灵。,https://lokewangguoshijie.com/pokemon/NO.331_小皮球.webp,https://wiki.biligame.com/rocom/小皮球
NO.332,贝瑟,机械|火,Ⅰ阶,stage1,原始形态,original,79,46,78,51,98,33,贪心算法,1号位技能获得传动1，且使用后使敌方获得6层灼烧。,https://lokewangguoshijie.com/pokemon/NO.332_贝瑟.webp,https://wiki.biligame.com/rocom/贝瑟
NO.333,贝加尔,机械|火,Ⅱ阶,stage2,原始形态,original,105,61,104,68,130,44,贪心算法,1号位技能获得传动1，且使用后使敌方获得6层灼烧。,https://lokewangguoshijie.com/pokemon/NO.333_贝加尔.webp,https://wiki.biligame.com/rocom/贝加尔
NO.334,贝古斯,机械|火,最终形态,final,原始形态,original,132,76,130,85,163,55,贪心算法,1号位技能获得传动1，且使用后使敌方获得6层灼烧。,https://lokewangguoshijie.com/pokemon/NO.334_贝古斯.webp,https://wiki.biligame.com/rocom/贝古斯
NO.335,粉星仔,幻,Ⅰ阶,stage1,原始形态,original,80,63,119,58,102,92,双向光速,在场时，所有回合结束时触发，触发次数+1。,https://lokewangguoshijie.com/pokemon/NO.335_粉星仔.webp,https://wiki.biligame.com/rocom/粉星仔
NO.336,粉耳星兔,幻,最终形态,final,原始形态,original,100,79,148,73,127,115,双向光速,在场时，所有回合结束时触发，触发次数+1。,https://lokewangguoshijie.com/pokemon/NO.336_粉耳星兔.webp,https://wiki.biligame.com/rocom/粉耳星兔
NO.337,落陨星兔,幻|幽,最终形态,final,原始形态,original,93,61,125,87,141,130,陨落,在场时，双方回合结束时触发的效果，触发次数-1。,https://lokewangguoshijie.com/pokemon/NO.337_落陨星兔.webp,https://wiki.biligame.com/rocom/落陨星兔
NO.338,布瓜蝌,幻,Ⅰ阶,stage1,原始形态,original,91,84,35,81,55,96,张弛有度,周末时自己获得双攻+40%，其他时间获得双防+40%。,https://lokewangguoshijie.com/pokemon/NO.338_布瓜蝌.webp,https://wiki.biligame.com/rocom/布瓜蝌
NO.339,上岸蛙,幻,最终形态,final,原始形态,original,114,106,44,101,69,120,张弛有度,周末时自己获得双攻+40%，其他时间获得双防+40%。,https://lokewangguoshijie.com/pokemon/NO.339_上岸蛙.webp,https://wiki.biligame.com/rocom/上岸蛙
NO.340,火红尾,火,Ⅰ阶,stage1,原始形态,original,67,56,129,70,89,100,天通地明,攻击时，若敌方血脉是污染血脉，技能威力+100%。,https://lokewangguoshijie.com/pokemon/NO.340_火红尾.webp,https://wiki.biligame.com/rocom/火红尾
NO.341,雅丹鬃,火,最终形态,final,原始形态,original,83,49,113,62,78,125,天通地明,攻击时，若敌方血脉是污染血脉，技能威力+100%。,https://lokewangguoshijie.com/pokemon/NO.341_雅丹鬃.webp,https://wiki.biligame.com/rocom/雅丹鬃
NO.342,春团,草,Ⅰ阶,stage1,原始形态,original,48,51,57,65,57,63,系统发育,获得能量或生命时，会将等量的能量或生命随机分配给场下的精灵。,https://lokewangguoshijie.com/pokemon/NO.342_春团.webp,https://wiki.biligame.com/rocom/春团
NO.343,春兔,草,Ⅱ阶,stage2,原始形态,original,63,68,76,87,77,84,系统发育,获得能量或生命时，会将等量的能量或生命随机分配给场下的精灵。,https://lokewangguoshijie.com/pokemon/NO.343_春兔.webp,https://wiki.biligame.com/rocom/春兔
NO.344,春花兔,草,最终形态,final,原始形态,original,79,85,95,103,90,105,系统发育,获得能量或生命时，会将等量的能量或生命随机分配给场下的精灵。,https://lokewangguoshijie.com/pokemon/NO.344_春花兔.webp,https://wiki.biligame.com/rocom/春花兔
NO.345,幽星光,幻,Ⅰ阶,stage1,原始形态,original,49,21,63,48,63,75,守望星,触发星陨时消耗一半层数，仍造成满层伤害。,https://lokewangguoshijie.com/pokemon/NO.345_幽星光.webp,https://wiki.biligame.com/rocom/幽星光
NO.346,曜星光,幻|翼,Ⅱ阶,stage2,原始形态,original,65,28,84,68,84,100,守望星,触发星陨时消耗一半层数，仍造成满层伤害。,https://lokewangguoshijie.com/pokemon/NO.346_曜星光.webp,https://wiki.biligame.com/rocom/曜星光
NO.347,暮星辰,幻|翼,最终形态,final,原始形态,original,81,35,106,80,105,125,守望星,触发星陨时消耗一半层数，仍造成满层伤害。,https://lokewangguoshijie.com/pokemon/NO.347_暮星辰.webp,https://wiki.biligame.com/rocom/暮星辰
NO.012,板板壳（蜕皮时的样子）,水,Ⅰ阶,stage1,地区形态,regional,88,24,72,56,59,48,缩壳,携带的防御技能能耗-2。,https://lokewangguoshijie.com/pokemon/NO.012_板板壳（蜕皮时的样子）.webp,https://wiki.biligame.com/rocom/板板壳（蜕皮时的样子）
NO.013,咔咔壳（蜕皮时的样子）,水,Ⅱ阶,stage2,地区形态,regional,117,31,96,75,79,64,缩壳,携带的防御技能能耗-2。,https://lokewangguoshijie.com/pokemon/NO.013_咔咔壳（蜕皮时的样子）.webp,https://wiki.biligame.com/rocom/咔咔壳（蜕皮时的样子）
NO.014,水泡壳（蜕皮时的样子）,水,最终形态,final,地区形态,regional,146,39,121,93,98,80,缩壳,携带的防御技能能耗-2。,https://lokewangguoshijie.com/pokemon/NO.014_水泡壳（蜕皮时的样子）.webp,https://wiki.biligame.com/rocom/水泡壳（蜕皮时的样子）
NO.018,雪绒鸟（春天的样子）,翼,Ⅰ阶,stage1,地区形态,regional,56,77,26,58,49,69,顺风,若先于敌方攻��，本次技能威力+50%。,https://lokewangguoshijie.com/pokemon/NO.018_雪绒鸟（春天的样子）.webp,https://wiki.biligame.com/rocom/雪绒鸟（春天的样子）
NO.018,雪绒鸟（夏天的样子）,翼,Ⅰ阶,stage1,地区形态,regional,59,80,32,58,41,69,顺风,若先于敌方攻击，本次技能威力+50%。,https://lokewangguoshijie.com/pokemon/NO.018_雪绒鸟（夏天的样子）.webp,https://wiki.biligame.com/rocom/雪绒鸟（夏天的样子）
NO.018,雪绒鸟（秋天的样子）,翼,Ⅰ阶,stage1,地区形态,regional,54,76,25,59,51,69,顺风,若先于敌方攻击，本次技能威力+50%。,https://lokewangguoshijie.com/pokemon/NO.018_雪绒鸟（秋天的样子）.webp,https://wiki.biligame.com/rocom/雪绒鸟（秋天的样子）
NO.019,冬羽雀（春天的样子）,翼,Ⅱ阶,stage2,地区形态,regional,75,103,35,78,65,92,顺风,若先于敌方攻击，本次技能威力+50%。,https://lokewangguoshijie.com/pokemon/NO.019_冬羽雀（春天的样子）.webp,https://wiki.biligame.com/rocom/冬羽雀（春天的样子）
NO.019,冬羽雀（夏天的样子）,翼,Ⅱ阶,stage2,地区形态,regional,79,107,43,77,55,92,顺风,若先于敌方攻击，本次技能威力+50%。,https://lokewangguoshijie.com/pokemon/NO.019_冬羽雀（夏天的样子）.webp,https://wiki.biligame.com/rocom/冬羽雀（夏天的样子）
NO.019,冬羽雀（秋天的样子）,翼,Ⅱ阶,stage2,地区形态,regional,72,102,34,78,68,92,顺风,若先于敌方攻击，本次技能威力+50%。,https://lokewangguoshijie.com/pokemon/NO.019_冬羽雀（秋天的样子）.webp,https://wiki.biligame.com/rocom/冬羽雀（秋天的样子）
NO.020,岚鸟（春天的样子）,翼,最终形态,final,地区形态,regional,93,128,44,97,81,115,顺风,若先于敌方攻击，本次技能威力+50%。,https://lokewangguoshijie.com/pokemon/NO.020_岚鸟（春天的样子）.webp,https://wiki.biligame.com/rocom/岚鸟（春天的样子）
NO.020,岚鸟（夏天的样子）,翼,最终形态,final,地区形态,regional,99,133,54,96,69,115,顺风,若先于敌方攻击，本次技能威力+50%。,https://lokewangguoshijie.com/pokemon/NO.020_岚鸟（夏天的样子）.webp,https://wiki.biligame.com/rocom/岚鸟（夏天的样子）
NO.020,岚鸟（秋天的样子）,翼,最终形态,final,地区形态,regional,90,127,42,98,85,115,顺风,若先于敌方攻击，本次技能威力+50%。,https://lokewangguoshijie.com/pokemon/NO.020_岚鸟（秋天的样子）.webp,https://wiki.biligame.com/rocom/岚鸟（秋天的样子）
NO.024,石肤蜥（球球尾巴的样子）,地,Ⅰ阶,stage1,地区形态,regional,68,54,53,64,44,60,刺肤,每受到1次攻击，对攻击自己的精灵造成50威力物理伤害。,https://lokewangguoshijie.com/pokemon/NO.024_石肤蜥（球球尾巴的样子）.webp,https://wiki.biligame.com/rocom/石肤蜥（球球尾巴的样子）
NO.025,石刺蜥（球球尾巴的样子）,地,Ⅱ阶,stage2,地区形态,regional,91,72,71,85,59,80,刺肤,每受到1次攻击，对攻击自己的精灵造成50威力物理伤害。,https://lokewangguoshijie.com/pokemon/NO.025_石刺蜥（球球尾巴的样子）.webp,https://wiki.biligame.com/rocom/石刺蜥（球球尾巴的样子）
NO.026,石冠王蜥（球球尾巴的样子）,地,最终形态,final,地区形态,regional,113,90,89,106,74,100,刺肤,每受到1次攻击，对攻击自己的精灵造成50威力物理伤害。,https://lokewangguoshijie.com/pokemon/NO.026_石冠王蜥（球球尾巴的样子）.webp,https://wiki.biligame.com/rocom/石冠王蜥（球球尾巴的样子）
NO.034,化蝶（幽冥眼的样子）,虫|萌,最终形态,final,地区形态,regional,43,42,42,67,70,105,化茧,受到致命伤害时，获得1层萌化，并免疫此次伤害。,https://lokewangguoshijie.com/pokemon/NO.034_化蝶（幽冥眼的样子）.webp,https://wiki.biligame.com/rocom/化蝶（幽冥眼的样子）
NO.034,化蝶（喵喵的样子）,虫|萌,最终形态,final,地区形态,regional,49,47,41,67,67,95,化茧,受到致命伤害时，获得1层萌化，并免疫此次伤害。,https://lokewangguoshijie.com/pokemon/NO.034_化蝶（喵喵的样子）.webp,https://wiki.biligame.com/rocom/化蝶（喵喵的样子）
NO.034,化蝶（奇丽花的样子）,虫|萌,最终形态,final,地区形态,regional,55,46,44,62,65,90,化茧,受到致命伤害时，获得1层萌化，并免疫此次伤害。,https://lokewangguoshijie.com/pokemon/NO.034_化蝶（奇丽花的样子）.webp,https://wiki.biligame.com/rocom/化蝶（奇丽花的样子）
NO.040,晶石蜗（莲花刚玉的样子）,光|地,最终形态,final,地区形态,regional,94,97,101,137,91,65,偏振,受到自己携带技能系别的攻击伤害-40%。,https://lokewangguoshijie.com/pokemon/NO.040_晶石蜗（莲花刚玉的样子）.webp,https://wiki.biligame.com/rocom/晶石蜗（莲花刚玉的样子）
NO.040,晶石蜗（星彩榴石的样子）,光|地,最终形态,final,地区形态,regional,97,101,101,128,91,65,偏振,受到自己携带技能系别的攻击伤害-40%。,https://lokewangguoshijie.com/pokemon/NO.040_晶石蜗（星彩榴石的样子）.webp,https://wiki.biligame.com/rocom/晶石蜗（星彩榴石的样子）
NO.040,晶石蜗（火山琉璃的样子）,光|地,最终形态,final,地区形态,regional,97,97,101,132,91,65,偏振,受到自己携带技能系别的攻击伤害-40%。,https://lokewangguoshijie.com/pokemon/NO.040_晶石蜗（火山琉璃的样子）.webp,https://wiki.biligame.com/rocom/晶石蜗（火山琉璃的样子）
NO.040,晶石蜗（蓝锥矿的样子）,光|地,最终形态,final,地区形态,regional,99,97,107,124,91,65,偏振,受到自己携带技能系别的攻击伤害-40%。,https://lokewangguoshijie.com/pokemon/NO.040_晶石蜗（蓝锥矿的样子）.webp,https://wiki.biligame.com/rocom/晶石蜗（蓝锥矿的样子）
NO.040,晶石蜗（烧蓝黄金的样子）,光|地,最终形态,final,地区形态,regional,95,97,102,130,91,70,偏振,受到自己携带技能系别的攻击伤害-40%。,https://lokewangguoshijie.com/pokemon/NO.040_晶石蜗（烧蓝黄金的样子）.webp,https://wiki.biligame.com/rocom/晶石蜗（烧蓝黄金的样子）
NO.044,丢丢（沙地附近的样子）,草|地,Ⅰ阶,stage1,地区形态,regional,44,42,12,55,43,75,诈死,自己力竭时，少损失1点魔力。,https://lokewangguoshijie.com/pokemon/NO.044_丢丢（沙地附近的样子）.webp,https://wiki.biligame.com/rocom/丢丢（沙地附近的样子）
NO.044,丢丢（雪山附近的样子）,草|冰,Ⅰ阶,stage1,地区形态,regional,46,41,8,48,44,81,诈死,自己力竭时，少损失1点魔力。,https://lokewangguoshijie.com/pokemon/NO.044_丢丢（雪山附近的样子）.webp,https://wiki.biligame.com/rocom/丢丢（雪山附近的样子）
NO.044,丢丢（火山附近的样子）,草|火,Ⅰ阶,stage1,地区形态,regional,0,0,0,0,0,0,,,https://lokewangguoshijie.com/pokemon/NO.044_丢丢（火山附近的样子）.webp,https://wiki.biligame.com/rocom/丢丢（火山附近的样子）
NO.045,卡卡虫（沙地附近的样子）,草|地,Ⅱ阶,stage2,地区形态,regional,58,56,16,74,57,100,诈死,自己力竭时，少损失1点魔力。,https://lokewangguoshijie.com/pokemon/NO.045_卡卡虫（沙地附近的样子）.webp,https://wiki.biligame.com/rocom/卡卡虫（沙地附近的样子）
NO.045,卡卡虫（雪山附近的样子）,草|冰,Ⅱ阶,stage2,地区形态,regional,62,54,11,64,58,108,诈死,自己力竭时，少损失1点魔力。,https://lokewangguoshijie.com/pokemon/NO.045_卡卡虫（雪山附近的样子）.webp,https://wiki.biligame.com/rocom/卡卡虫（雪山附近的样子）
NO.045,卡卡虫（火山附近的样子）,草|火,Ⅱ阶,stage2,地区形态,regional,0,0,0,0,0,0,诈死,自己力竭时，少损失1点魔力。,https://lokewangguoshijie.com/pokemon/NO.045_卡卡虫（火山附近的样子）.webp,https://wiki.biligame.com/rocom/卡卡虫（火山附近的样子）
NO.046,卡瓦重（沙地附近的样子）,草|地,最终形态,final,地区形态,regional,73,70,20,92,71,125,诈死,自己力竭时，少损失1点魔力。,https://lokewangguoshijie.com/pokemon/NO.046_卡瓦重（沙地附近的样子）.webp,https://wiki.biligame.com/rocom/卡瓦重（沙地附近的样子）
NO.046,卡瓦重（雪山附近的样子）,草|冰,最终形态,final,地区形态,regional,77,68,14,79,73,135,诈死,自己力竭时，少损失1点魔力。,https://lokewangguoshijie.com/pokemon/NO.046_卡瓦重（雪山附近的样子）.webp,https://wiki.biligame.com/rocom/卡瓦重（雪山附近的样子）
NO.046,卡瓦重（火山附近的样子）,草|火,最终形态,final,地区形态,regional,0,0,0,0,0,0,诈死,自己力竭时，少损失1点魔力。,https://lokewangguoshijie.com/pokemon/NO.046_卡瓦重（火山附近的样子）.webp,https://wiki.biligame.com/rocom/卡瓦重（火山附近的样子）
NO.055,暗影灵面（闭眼的样子）,幽,Ⅱ阶,stage2,地区形态,regional,84,30,96,83,88,92,惊吓,能量等于0的精灵，无法对自己造成伤害。,https://lokewangguoshijie.com/pokemon/NO.055_暗影灵面（闭眼的样子）.webp,https://wiki.biligame.com/rocom/暗影灵面（闭眼的样子）
NO.056,幽冥眼（闭眼的样子）,幽,最终形态,final,地区形态,regional,105,38,120,104,110,115,惊吓,能量等于0的精灵，无法对自己造成伤害。,https://lokewangguoshijie.com/pokemon/NO.056_幽冥眼（闭眼的样子）.webp,https://wiki.biligame.com/rocom/幽冥眼（闭眼的样子）
NO.057,梦游（穿星星睡衣的样子）,幽|光,Ⅰ阶,stage1,地区形态,regional,0,0,0,0,0,0,做噩梦,敌方精灵离场后，更换入场的精灵失去3能量。,https://lokewangguoshijie.com/pokemon/NO.057_梦游（穿星星睡衣的样子）.webp,https://wiki.biligame.com/rocom/梦游（穿星星睡衣的样子）
NO.058,梦悠悠（穿星星睡衣的样子）,幽|光,最终形态,final,地区形态,regional,0,0,0,0,0,0,做噩梦,敌方精灵离场后，更换入场的精灵失去3能量。,https://lokewangguoshijie.com/pokemon/NO.058_梦悠悠（穿星星睡衣的样子）.webp,https://wiki.biligame.com/rocom/梦悠悠（穿星星睡衣的样子）
NO.063,蹦蹦种子（彩玉球形态）,草|毒,Ⅰ阶,stage1,地区形态,regional,62,61,66,44,63,51,生物碱,使用草系技能时，敌方获得2层中毒。,https://lokewangguoshijie.com/pokemon/NO.063_蹦蹦种子（彩玉球形态）.webp,https://wiki.biligame.com/rocom/蹦蹦种子（彩玉球形态）
NO.063,蹦蹦种子（短毛球形态）,草|毒,Ⅰ阶,stage1,地区形态,regional,57,62,66,48,67,48,生物碱,使用草系技能时，敌方获得2层中毒。,https://lokewangguoshijie.com/pokemon/NO.063_蹦蹦种子（短毛球形态）.webp,https://wiki.biligame.com/rocom/蹦蹦种子（短毛球形态）
NO.063,蹦蹦种子（象牙球形态）,草|毒,Ⅰ阶,stage1,地区形态,regional,59,60,66,44,63,54,生物碱,使用草系技能时，敌方获得2层中毒。,https://lokewangguoshijie.com/pokemon/NO.063_蹦蹦种子（象牙球形态）.webp,https://wiki.biligame.com/rocom/蹦蹦种子（象牙球形态）
NO.064,蹦蹦草（彩玉球形态）,草|毒,Ⅱ阶,stage2,地区形态,regional,83,81,87,59,84,68,生物碱,使用草系技能时，敌方获得2层中毒。,https://lokewangguoshijie.com/pokemon/NO.064_蹦蹦草（彩玉球形态）.webp,https://wiki.biligame.com/rocom/蹦蹦草（彩玉球形态）
NO.064,蹦蹦草（短毛球形态）,草|毒,Ⅱ阶,stage2,地区形态,regional,76,82,87,64,90,64,生物碱,使用草系技能时，敌方获得2层中毒。,https://lokewangguoshijie.com/pokemon/NO.064_蹦蹦草（短毛球形态）.webp,https://wiki.biligame.com/rocom/蹦蹦草（短毛球形态）
NO.064,蹦蹦草（象牙球形态）,草|毒,Ⅱ阶,stage2,地区形态,regional,79,80,88,59,84,72,生物碱,使用草系技能时，敌方获得2层中毒。,https://lokewangguoshijie.com/pokemon/NO.064_蹦蹦草（象牙球形态）.webp,https://wiki.biligame.com/rocom/蹦蹦草（象牙球形态）
NO.065,蹦蹦花（彩玉球形态）,草|毒,最终形态,final,地区形态,regional,103,101,109,73,105,85,生物碱,使用草系技能时，敌方获得2层中毒。,https://lokewangguoshijie.com/pokemon/NO.065_蹦蹦花（彩玉球形态）.webp,https://wiki.biligame.com/rocom/蹦蹦花（彩玉球形态）
NO.065,蹦蹦花（短毛球形态）,草|毒,最终形态,final,地区形态,regional,95,103,109,80,112,80,生物碱,使用草系技能时，敌方获得2层中毒。,https://lokewangguoshijie.com/pokemon/NO.065_蹦蹦花（短毛球形态）.webp,https://wiki.biligame.com/rocom/蹦蹦花（短毛球形态）
NO.065,蹦蹦花（象牙球形态）,草|毒,最终形态,final,地区形态,regional,99,100,110,73,106,90,生物碱,使用草系技能时，敌方获得2层中毒。,https://lokewangguoshijie.com/pokemon/NO.065_蹦蹦花（象牙球形态）.webp,https://wiki.biligame.com/rocom/蹦蹦花（象牙球形态）
NO.076,海盔虫（磨损的样子）,水|毒,Ⅰ阶,stage1,地区形态,regional,70,25,60,44,64,63,溶解扩散,每携带1个毒系技能进入战斗，水系技能使敌方获得1层中毒。,https://lokewangguoshijie.com/pokemon/NO.076_海盔虫（磨损的样子）.webp,https://wiki.biligame.com/rocom/海盔虫（磨损的样子）
NO.077,刺盔虫（磨损的样子）,水|毒,Ⅱ阶,stage2,地区形态,regional,94,33,80,59,85,84,溶解扩散,每携带1个毒系技能进入战斗，水系技能使敌方获得1层中毒。,https://lokewangguoshijie.com/pokemon/NO.077_刺盔虫（磨损的样子）.webp,https://wiki.biligame.com/rocom/刺盔虫（磨损的样子）
NO.078,千棘盔（磨损的样子）,水|毒,最终形态,final,地区形态,regional,117,41,100,74,107,105,溶解扩散,每携带1个毒系技能进入战斗，水系技能使敌方获得1层中毒。,https://lokewangguoshijie.com/pokemon/NO.078_千棘盔（磨损的样子）.webp,https://wiki.biligame.com/rocom/千棘盔（磨损的样子）
NO.080,小星光（月光能量的样子）,电|光,Ⅰ阶,stage1,地区形态,regional,64,76,85,72,96,100,电流刺激,携带的攻击技能获得迸发：威力+40。,https://lokewangguoshijie.com/pokemon/NO.080_小星光（月光能量的样子）.webp,https://wiki.biligame.com/rocom/小星光（月光能量的样子）
NO.081,星光狮（月光能量的样子）,电|光,最终形态,final,地区形态,regional,80,95,107,90,120,125,电流刺激,携带的攻击技能获得迸发：威力+40。,https://lokewangguoshijie.com/pokemon/NO.081_星光狮（月光能量的样子）.webp,https://wiki.biligame.com/rocom/星光狮（月光能量的样子）
NO.118,旋叶虫（枯叶的样子）,普通|虫,Ⅰ阶,stage1,地区形态,regional,57,15,67,61,52,72,共鸣,携带的【虫鸣】技能威力+20。,https://lokewangguoshijie.com/pokemon/NO.118_旋叶虫（枯叶的样子）.webp,https://wiki.biligame.com/rocom/旋叶虫（枯叶的样子）
NO.119,蓬叶虫（枯叶的样子）,普通|虫,Ⅱ阶,stage2,地区形态,regional,76,20,89,82,70,96,共鸣,携带的【虫鸣】技能威力+20。,https://lokewangguoshijie.com/pokemon/NO.119_蓬叶虫（枯叶的样子）.webp,https://wiki.biligame.com/rocom/蓬叶虫（枯叶的样子）
NO.120,风滚暮虫（枯叶的样子）,普通|虫,最终形态,final,地区形态,regional,95,25,111,102,87,120,共鸣,携带的【虫鸣】技能威力+20。,https://lokewangguoshijie.com/pokemon/NO.120_风滚暮虫（枯叶的样子）.webp,https://wiki.biligame.com/rocom/风滚暮虫（枯叶的样子）
NO.163,小怂猫（山间竹林的样子）,武,Ⅰ阶,stage1,地区形态,regional,0,0,0,0,0,0,威慑,打断敌方时，被打断的技能进入2回合冷却。,https://lokewangguoshijie.com/pokemon/NO.163_小怂猫（山间竹林的样子）.webp,https://wiki.biligame.com/rocom/小怂猫（山间竹林的样子）
NO.164,怒目怂猫（山间竹林的样子）,武,最终形态,final,地区形态,regional,0,0,0,0,0,0,,,https://lokewangguoshijie.com/pokemon/NO.164_怒目怂猫（山间竹林的样子）.webp,https://wiki.biligame.com/rocom/怒目怂猫（山间竹林的样子）
NO.165,小狮鹫（高山地的样子）,翼,Ⅰ阶,stage1,地区形态,regional,62,66,32,62,36,75,乘风连击,使用翼系技能后，获得连击数+1。,https://lokewangguoshijie.com/pokemon/NO.165_小狮鹫（高山地的样子）.webp,https://wiki.biligame.com/rocom/小狮鹫（高山地的样子）
NO.166,神圣狮鹫（高山地的样子）,翼,Ⅱ阶,stage2,地区形态,regional,83,88,42,82,48,100,乘风连击,使用翼系技能后，获得连击数+1。,https://lokewangguoshijie.com/pokemon/NO.166_神圣狮鹫（高山地的样子）.webp,https://wiki.biligame.com/rocom/神圣狮鹫（高山地的样子）
NO.167,皇家狮鹫（高山地的样子）,翼,最终形态,final,地区形态,regional,103,110,53,103,60,125,乘风连击,使用翼系技能后，获得连击数+1。,https://lokewangguoshijie.com/pokemon/NO.167_皇家狮鹫（高山地的样子）.webp,https://wiki.biligame.com/rocom/皇家狮鹫（高山地的样子）
NO.171,波波螺（被污染的样子）,地|水,Ⅰ阶,stage1,地区形态,regional,64,57,57,64,86,42,消波块,每携带1个水系技能进入战斗，地系技能能耗-1。,https://lokewangguoshijie.com/pokemon/NO.171_波波螺（被污染的样子）.webp,https://wiki.biligame.com/rocom/波波螺（被污染的样子）
NO.172,消波螺（被污染的样子）,地|水,Ⅱ阶,stage2,地区形态,regional,85,76,76,85,115,56,消波块,每携带1个水系技能进入战斗，地系技能能耗-1。,https://lokewangguoshijie.com/pokemon/NO.172_消波螺（被污染的样子）.webp,https://wiki.biligame.com/rocom/消波螺（被污染的样子）
NO.173,嗜波螺（被污染的样子）,地|水,最终形态,final,地区形态,regional,107,95,95,106,144,70,消波块,每携带1个水系技能进入战斗，地系技能能耗-1。,https://lokewangguoshijie.com/pokemon/NO.173_嗜波螺（被污染的样子）.webp,https://wiki.biligame.com/rocom/嗜波螺（被污染的样子）
NO.188,棋棋（黑子）,武|地,Ⅰ阶,stage1,地区形态,regional,66,97,35,67,53,100,腾挪,攻击技能应对1次后，回满状态，变为棋绮后。,https://lokewangguoshijie.com/pokemon/NO.188_棋棋（黑子）.webp,https://wiki.biligame.com/rocom/棋棋（黑子）
NO.189,棋骑士（黑子）,武|地,最终形态,final,地区形态,regional,83,121,43,84,66,125,腾挪,攻击技能应对1次后，回满状态，变为棋绮后。,https://lokewangguoshijie.com/pokemon/NO.189_棋骑士（黑子）.webp,https://wiki.biligame.com/rocom/棋骑士（黑子）
NO.190,棋齐垒（黑子）,武|地,最终形态,final,地区形态,regional,89,94,38,116,77,75,保卫,防御技能应对2次后，回满状态，变为棋绮后。,https://lokewangguoshijie.com/pokemon/NO.190_棋齐垒（黑子）.webp,https://wiki.biligame.com/rocom/棋齐垒（黑子）
NO.191,棋祈督（黑子）,武|地,最终形态,final,地区形态,regional,126,87,87,90,72,85,好象坏象,状态技能应对1次后，回满状态，变为棋绮后。,https://lokewangguoshijie.com/pokemon/NO.191_棋祈督（黑子）.webp,https://wiki.biligame.com/rocom/棋祈督（黑子）
NO.192,棋绮后（黑子）,武|地,最终形态,final,地区形态,regional,93,84,84,82,75,90,渗透,己方精灵每使用1次武系或地系技能，自己入场时获得攻防+5%。,https://lokewangguoshijie.com/pokemon/NO.192_棋绮后（黑子）.webp,https://wiki.biligame.com/rocom/棋绮后（黑子）
NO.212,古钟蛇（本命年的样子）,萌|毒,Ⅰ阶,stage1,地区形态,regional,0,0,0,0,0,0,拨浪鼓,己方精灵每使用1次状态技能，自己入场时毒系和萌系技能威力+10。,https://lokewangguoshijie.com/pokemon/NO.212_古钟蛇（本命年的样子）.webp,https://wiki.biligame.com/rocom/古钟蛇（本命年的样子）
NO.213,寒音蛇（本命年的样子）,萌|毒,最终形态,final,地区形态,regional,0,0,0,0,0,0,拨浪鼓,己方精灵每使用1次状态技能，自己入场时毒系和萌系技能威力+10。,https://lokewangguoshijie.com/pokemon/NO.213_寒音蛇（本命年的样子）.webp,https://wiki.biligame.com/rocom/寒音蛇（本命年的样子）
NO.220,海枝枝（杏黄百合）,水|幽,最终形态,final,地区形态,regional,91,48,125,104,129,110,珊瑚骨,敌方精灵离场时，自己获得全技能能耗-3。,https://lokewangguoshijie.com/pokemon/NO.220_海枝枝（杏黄百合）.webp,https://wiki.biligame.com/rocom/海枝枝（杏黄百合）
NO.220,海枝枝（洋红沙丁）,水|幽,最终形态,final,地区形态,regional,97,62,136,84,121,110,珊瑚骨,敌方精灵离场时，自己获得全技能能耗-3。,https://lokewangguoshijie.com/pokemon/NO.220_海枝枝（洋红沙丁）.webp,https://wiki.biligame.com/rocom/海枝枝（洋红沙丁）
NO.220,海枝枝（翠绿纶布）,水|幽,最终形态,final,地区形态,regional,90,53,135,92,113,120,珊瑚骨,敌方精灵离场时，自己获得全技能能耗-3。,https://lokewangguoshijie.com/pokemon/NO.220_海枝枝（翠绿纶布）.webp,https://wiki.biligame.com/rocom/海枝枝（翠绿纶布）
NO.235,香草甜甜（杨桃饰品）,冰,Ⅱ阶,stage2,地区形态,regional,88,92,96,58,77,80,加个雪球,使敌方获得冻结时，也会使其获得2层冻结。,https://lokewangguoshijie.com/pokemon/NO.235_香草甜甜（杨桃饰品）.webp,https://wiki.biligame.com/rocom/香草甜甜（杨桃饰品）
NO.235,香草甜甜（蓝莓饰品）,冰,Ⅱ阶,stage2,地区形态,regional,91,94,88,63,74,80,加个雪球,使敌方获得冻结时，也会使其获得2层冻结。,https://lokewangguoshijie.com/pokemon/NO.235_香草甜甜（蓝莓饰品）.webp,https://wiki.biligame.com/rocom/香草甜甜（蓝莓饰品）
NO.236,圣代甜甜（樱桃草莓口味）,冰,最终形态,final,地区形态,regional,107,120,110,81,96,100,加个雪球,使敌方获得冻结时，也会使其获得2层冻结。,https://lokewangguoshijie.com/pokemon/NO.236_圣代甜甜（樱桃草莓口味）.webp,https://wiki.biligame.com/rocom/圣代甜甜（樱桃草莓口味）
NO.236,圣代甜甜（樱桃抹茶口味）,冰,最终形态,final,地区形态,regional,113,112,110,79,92,105,加个雪球,使敌方获得冻结时，也会使其获得2层冻结。,https://lokewangguoshijie.com/pokemon/NO.236_圣代甜甜（樱桃抹茶口味）.webp,https://wiki.biligame.com/rocom/圣代甜甜（樱桃抹茶口味）
NO.236,圣代甜甜（蓝莓巧克力口味）,冰,最终形态,final,地区形态,regional,114,117,110,79,92,100,加个雪球,使敌方获得冻结时，也会使其获得2层冻结。,https://lokewangguoshijie.com/pokemon/NO.236_圣代甜甜（蓝莓巧克力口味）.webp,https://wiki.biligame.com/rocom/圣代甜甜（蓝莓巧克力口味）
NO.236,圣代甜甜（蓝莓草莓口味）,冰,最终形态,final,地区形态,regional,113,109,100,90,96,100,加个雪球,使敌方获得冻结时，也会使其获得2层冻结。,https://lokewangguoshijie.com/pokemon/NO.236_圣代甜甜（蓝莓草莓口味）.webp,https://wiki.biligame.com/rocom/圣代甜甜（蓝莓草莓口味）
NO.236,圣代甜甜（蓝莓抹茶口味）,冰,最终形态,final,地区形态,regional,121,100,101,86,92,105,加个雪球,使敌方获得冻结时，也会使其获得2层冻结。,https://lokewangguoshijie.com/pokemon/NO.236_圣代甜甜（蓝莓抹茶口味）.webp,https://wiki.biligame.com/rocom/圣代甜甜（蓝莓抹茶口味）
NO.236,圣代甜甜（杨桃巧克力口味）,冰,最终形态,final,地区形态,regional,110,116,120,73,96,100,加个雪球,使敌方获得冻结时，也会使其获得2层冻结。,https://lokewangguoshijie.com/pokemon/NO.236_圣代甜甜（杨桃巧克力口味）.webp,https://wiki.biligame.com/rocom/圣代甜甜（杨桃巧克力口味）
NO.236,圣代甜甜（杨桃草莓口味）,冰,最终形态,final,地区形态,regional,108,110,110,84,99,100,加个雪球,使敌方获得冻结时，也会使其获得2层冻结。,https://lokewangguoshijie.com/pokemon/NO.236_圣代甜甜（杨桃草莓口味）.webp,https://wiki.biligame.com/rocom/圣代甜甜（杨桃草莓口味）
NO.236,圣代甜甜（杨桃抹茶口味）,冰,最终形态,final,地区形态,regional,110,107,110,82,96,105,加个雪球,使敌方获得冻结时，也会使其获得2层冻结。,https://lokewangguoshijie.com/pokemon/NO.236_圣代甜甜（杨桃抹茶口味）.webp,https://wiki.biligame.com/rocom/圣代甜甜（杨桃抹茶口味）
NO.237,刺轮砣（下弦的样子）,毒|萌,Ⅰ阶,stage1,地区形态,regional,100,78,80,65,80,84,耐活王,敌方受到中毒效果伤害时，自己回复等量生命。,https://lokewangguoshijie.com/pokemon/NO.237_刺轮砣（下弦的样子）.webp,https://wiki.biligame.com/rocom/刺轮砣（下弦的样子）
NO.238,月亮砣（下弦的样子）,毒|萌,最终形态,final,地区形态,regional,125,98,100,81,100,105,耐活王,敌方受到中毒效果伤害时，自己回复等量生命。,https://lokewangguoshijie.com/pokemon/NO.238_月亮砣（下弦的样子）.webp,https://wiki.biligame.com/rocom/月亮砣（下弦的样子）
NO.258,乌达（极夜的样子）,恶|冰,Ⅰ阶,stage1,地区形态,regional,96,95,55,64,34,30,恶魔的晚宴,主动击败敌方精灵时，自己获得双攻+50%。,https://lokewangguoshijie.com/pokemon/NO.258_乌达（极夜的样子）.webp,https://wiki.biligame.com/rocom/乌达（极夜的样子）
NO.259,迷你乌（极夜的样子）,恶|冰,Ⅱ阶,stage2,地区形态,regional,128,126,73,85,46,40,恶魔的晚宴,主动击败敌方精灵时，自己获得双攻+50%。,https://lokewangguoshijie.com/pokemon/NO.259_迷你乌（极夜的样子）.webp,https://wiki.biligame.com/rocom/迷你乌（极夜的样子）
NO.260,乌拉塔（极夜的样子）,恶|冰,最终形态,final,地区形态,regional,160,158,91,106,57,50,恶魔的晚宴,主动击败敌方精灵时，自己获得双攻+50%。,https://lokewangguoshijie.com/pokemon/NO.260_乌拉塔（极夜的样子）.webp,https://wiki.biligame.com/rocom/乌拉塔（极夜的样子）
NO.277,地鼠（储水期的样子）,地,Ⅰ阶,stage1,地区形态,regional,59,71,23,61,57,60,警惕,回合结束时，若自己能量为0则脱离。,https://lokewangguoshijie.com/pokemon/NO.277_地鼠（储水期的样子）.webp,https://wiki.biligame.com/rocom/地鼠（储水期的样子）
NO.278,遁鼠（储水期的样子）,地,Ⅱ阶,stage2,地区形态,regional,79,94,30,82,77,80,警惕,回合结束时，若自己能量为0则脱离。,https://lokewangguoshijie.com/pokemon/NO.278_遁鼠（储水期的样子）.webp,https://wiki.biligame.com/rocom/遁鼠（储水期的样子）
NO.279,遁地鼠（储水期的样子）,地,最终形态,final,地区形态,regional,99,118,38,102,96,100,警惕,回合结束时，若自己能量为0则脱离。,https://lokewangguoshijie.com/pokemon/NO.279_遁地鼠（储水期的样子）.webp,https://wiki.biligame.com/rocom/遁地鼠（储水期的样子）
NO.004,叶冕魔力猫,草,首领进化,boss_evolution,首领形态,boss,114,96,96,94,99,55,深层氧循环,使用草系技能后，回复15%生命。,https://lokewangguoshijie.com/pokemon/NO.004_叶冕魔力猫.webp,https://wiki.biligame.com/rocom/叶冕魔力猫
NO.007,烈火战神,火,首领进化,boss_evolution,首领形态,boss,117,175,84,94,72,130,爆燃,使用火系技能后，获得双攻+30%。,https://lokewangguoshijie.com/pokemon/NO.007_烈火战神.webp,https://wiki.biligame.com/rocom/烈火战神
NO.010,圣水守护,水,首领进化,boss_evolution,首领形态,boss,125,67,141,104,145,85,浪潮,使用水系技能后，全技能能耗-2。,https://lokewangguoshijie.com/pokemon/NO.010_圣水守护.webp,https://wiki.biligame.com/rocom/圣水守护
NO.011,鸭吉吉国王,普通,首领进化,boss_evolution,首领形态,boss,136,135,50,79,64,105,“国王”的威严,鸭吉吉国王的种族资质大幅增加，能耗为1的技能威力+50%。,https://lokewangguoshijie.com/pokemon/NO.011_鸭吉吉国王.webp,https://wiki.biligame.com/rocom/鸭吉吉国王
NO.020,霜翼领主,翼,首领进化,boss_evolution,首领形态,boss,90,142,63,108,74,115,破空,若先于敌方攻击，本次技能威力+75%。,https://lokewangguoshijie.com/pokemon/NO.020_霜翼领主.webp,https://wiki.biligame.com/rocom/霜翼领主
NO.029,迷障布莱克,地,首领进化,boss_evolution,首领形态,boss,125,139,52,164,154,70,地脉馈赠,突破能量上限并立即回复10能量，入场前己方精灵每放1次地系技能，回复3能量。,https://lokewangguoshijie.com/pokemon/NO.029_迷障布莱克.webp,https://wiki.biligame.com/rocom/迷障布莱克
NO.035,幻影荆棘,幽|草,首领进化,boss_evolution,首领形态,boss,125,96,96,72,134,80,大捞一笔,回合结束时，偷取所有敌方精灵2能量。,https://lokewangguoshijie.com/pokemon/NO.035_幻影荆棘.webp,https://wiki.biligame.com/rocom/幻影荆棘
NO.043,奇丽果,草,首领进化,boss_evolution,首领形态,boss,112,128,128,133,105,80,养分内循环,回合结束时，回复6能量。,https://lokewangguoshijie.com/pokemon/NO.043_奇丽果.webp,https://wiki.biligame.com/rocom/奇丽果
NO.048,风暴战犬,火,首领进化,boss_evolution,首领形态,boss,85,128,46,101,82,120,全神贯注,入场时，获得物攻+100%，每次行动后-20%。,https://lokewangguoshijie.com/pokemon/NO.048_风暴战犬.webp,https://wiki.biligame.com/rocom/风暴战犬
NO.084,女王蜂,虫|翼,首领进化,boss_evolution,首领形态,boss,145,50,45,42,42,40,虫群突袭,队伍中每有1只其他的虫系精灵，自己入场时获得攻防速+15%。,https://lokewangguoshijie.com/pokemon/NO.084_女王蜂.webp,https://wiki.biligame.com/rocom/女王蜂
NO.110,神谕鲨,水|翼,首领进化,boss_evolution,首领形态,boss,90,77,77,105,105,125,水翼飞升,己方精灵每使用1次水系技能，自己入场时获得全技能能耗-1，且能耗为0的技能威力+30%。,https://lokewangguoshijie.com/pokemon/NO.110_神谕鲨.webp,https://wiki.biligame.com/rocom/神谕鲨
NO.115,祭礼巨像,地|幻,首领进化,boss_evolution,首领形态,boss,106,105,111,115,119,85,坠星,敌方每有1层星陨印记，自己的技能威力+15%。,https://lokewangguoshijie.com/pokemon/NO.115_祭礼巨像.webp,https://wiki.biligame.com/rocom/祭礼巨像
NO.117,彩虹独角兽,光,首领进化,boss_evolution,首领形态,boss,99,78,192,77,92,105,夺目,额外获得三个未携带的随机技能，且非光系技能威力+25%。,https://lokewangguoshijie.com/pokemon/NO.117_彩虹独角兽.webp,https://wiki.biligame.com/rocom/彩虹独角兽
NO.131,恶魔狼王,恶,首领进化,boss_evolution,首领形态,boss,115,121,50,91,63,120,悼亡,双方队伍中每有1只力竭的精灵，自己获得双攻+30%。,https://lokewangguoshijie.com/pokemon/NO.131_恶魔狼王.webp,https://wiki.biligame.com/rocom/恶魔狼王
NO.144,雪影冰灵,冰|萌,首领进化,boss_evolution,首领形态,boss,130,120,114,66,130,90,抓到你了,自己入场时敌方获得2层冻结，使敌方获得冻结时，也会使其获得全技能能耗+1。,https://lokewangguoshijie.com/pokemon/NO.144_雪影冰灵.webp,https://wiki.biligame.com/rocom/雪影冰灵
NO.200,奇梦咪,萌,首领进化,boss_evolution,首领形态,boss,81,128,119,123,123,110,,,https://lokewangguoshijie.com/pokemon/NO.200_奇梦咪.webp,https://wiki.biligame.com/rocom/奇梦咪
NO.204,伊兰龙,龙,首领进化,boss_evolution,首领形态,boss,112,91,190,69,99,90,游弋,蓄力时可使用任一携带技能，且获得双防+100%。,https://lokewangguoshijie.com/pokemon/NO.204_伊兰龙.webp,https://wiki.biligame.com/rocom/伊兰龙
NO.228,波普鹿,电,首领进化,boss_evolution,首领形态,boss,92,99,34,108,79,120,超级电池,每入场1次，获得双攻永久+30%。,https://lokewangguoshijie.com/pokemon/NO.228_波普鹿.webp,https://wiki.biligame.com/rocom/波普鹿
NO.286,圣剑骑士,机械,首领进化,boss_evolution,首领形态,boss,187,154,148,183,183,65,宝剑王牌,仅可使用1号和3号位技能。,https://lokewangguoshijie.com/pokemon/NO.286_圣剑骑士.webp,https://wiki.biligame.com/rocom/圣剑骑士
